timestamp,rel_time_s,direction,skew_ms
1775833276.0965075,0.08216094970703125,PLC -> IO,6.06372
1775833276.2497752,0.2354285717010498,PLC -> IO,7.1662799999999995
1775833276.3702064,0.35585975646972656,PLC -> IO,7.9597999999999995
1775833276.5023894,0.48804283142089844,PLC -> IO,8.55732
1775833276.522998,0.5086514949798584,PLC -> IO,11.37876
1775833276.5904522,0.5761055946350098,PLC -> IO,2.6646
1775833276.6681361,0.6537895202636719,PLC -> IO,9.50676
1775833276.715734,0.7013874053955078,PLC -> IO,1.46804
1775833276.8861268,0.8717801570892334,PLC -> IO,14.596359999999999
1775833277.1306808,1.1163341999053955,PLC -> IO,1.9638799999999998
1775833277.1510644,1.1367177963256836,PLC -> IO,14.68612
1775833277.245425,1.2310783863067627,PLC -> IO,14.890600000000001
1775833277.2949474,1.2806007862091064,PLC -> IO,4.5678
1775833277.4108198,1.3964731693267822,PLC -> IO,8.781239999999999
1775833277.4777877,1.4634411334991455,PLC -> IO,6.48292
1775833277.5314114,1.5170648097991943,PLC -> IO,8.10716
1775833277.5940337,1.5796871185302734,PLC -> IO,3.0109999999999997
1775833277.6091027,1.5947561264038086,PLC -> IO,9.94572
1775833278.0373292,2.022982597351074,PLC -> IO,9.651720000000001
1775833278.0859227,2.0715761184692383,PLC -> IO,4.66692
1775833278.2435005,2.229153871536255,PLC -> IO,6.24836
1775833278.290462,2.2761154174804688,PLC -> IO,22.642200000000003
1775833278.326149,2.311802387237549,PLC -> IO,29.92548
1775833278.4416747,2.427328109741211,PLC -> IO,20.992279999999997
1775833278.840619,2.826272487640381,PLC -> IO,29.08236
1775833278.919299,2.90495228767395,PLC -> IO,18.97868
1775833279.048945,3.0345983505249023,PLC -> IO,3.94684
1775833279.1096187,3.0952720642089844,PLC -> IO,9.44684
1775833279.290481,3.276134490966797,PLC -> IO,11.48124
1775833279.4075508,3.3932042121887207,PLC -> IO,9.22548
1775833279.506912,3.492565393447876,PLC -> IO,11.94092
1775833279.6171412,3.602794647216797,PLC -> IO,20.56052
1775833279.6380787,3.623732089996338,PLC -> IO,17.99396
1775833279.686649,3.672302484512329,PLC -> IO,2.95564
1775833279.7186716,3.704324960708618,PLC -> IO,1.2422
1775833279.9552536,3.9409070014953613,PLC -> IO,12.955720000000001
1775833280.1140437,4.099697113037109,PLC -> IO,5.4668399999999995
1775833280.1486385,4.134291887283325,PLC -> IO,5.544440000000001
1775833280.2112653,4.196918725967407,PLC -> IO,7.94892
1775833280.429263,4.414916515350342,PLC -> IO,1.94964
1775833280.567373,4.553026437759399,PLC -> IO,9.55356
1775833280.6075275,4.593180894851685,PLC -> IO,6.96964
1775833280.775937,4.761590480804443,PLC -> IO,5.33796
1775833280.8414557,4.827109098434448,PLC -> IO,22.6618
1775833281.0018895,4.9875428676605225,PLC -> IO,0.33171999999999996
1775833281.0465047,5.032158136367798,PLC -> IO,39.05108
1775833281.1299849,5.115638256072998,PLC -> IO,36.61844
1775833281.2772706,5.262923955917358,PLC -> IO,7.067
1775833281.4081485,5.393801927566528,PLC -> IO,0.9630799999999999
1775833281.5719173,5.557570695877075,PLC -> IO,7.0654
1775833281.716143,5.701796293258667,PLC -> IO,2.1702000000000004
1775833281.911701,5.897354364395142,PLC -> IO,1.92316
1775833282.0389872,6.0246405601501465,PLC -> IO,0.38492000000000004
1775833282.09398,6.079633474349976,PLC -> IO,3.97916
1775833282.2622192,6.247872591018677,PLC -> IO,2.18164
1775833282.3063142,6.2919676303863525,PLC -> IO,11.5814
1775833282.3308554,6.316508769989014,PLC -> IO,3.6850799999999997
1775833282.3691318,6.354785203933716,PLC -> IO,27.42044
1775833282.472796,6.458449363708496,PLC -> IO,9.92556
1775833282.7283823,6.714035749435425,PLC -> IO,5.77772
1775833282.836565,6.822218418121338,PLC -> IO,10.47076
1775833282.9942331,6.979886531829834,PLC -> IO,11.061079999999999
1775833283.0923722,7.078025579452515,PLC -> IO,9.78612
1775833283.1364615,7.122114896774292,PLC -> IO,19.23652
1775833283.2422426,7.227895975112915,PLC -> IO,4.031
1775833283.368428,7.354081392288208,PLC -> IO,1.17628
1775833283.4155815,7.401234865188599,PLC -> IO,26.9886
1775833283.4842181,7.469871520996094,PLC -> IO,19.6022
1775833283.570837,7.556490421295166,PLC -> IO,16.31484
1775833283.5939405,7.579593896865845,PLC -> IO,11.60532
1775833283.9591613,7.944814682006836,PLC -> IO,11.156360000000001
1775833284.0368187,8.022472143173218,PLC -> IO,8.077960000000001
1775833284.1667082,8.152361631393433,PLC -> IO,3.87772
1775833284.24968,8.235333442687988,PLC -> IO,0.25604000000000005
1775833284.3299632,8.315616607666016,PLC -> IO,11.0406
1775833284.4417133,8.427366733551025,PLC -> IO,0.020360000000000003
1775833284.7517395,8.737392902374268,PLC -> IO,5.56156
1775833284.7860112,8.7716646194458,PLC -> IO,2.74188
1775833284.9512124,8.93686580657959,PLC -> IO,16.177
1775833285.2316978,9.217351198196411,PLC -> IO,11.15924
1775833285.384934,9.370587348937988,PLC -> IO,0.67804
1775833285.6194606,9.605113983154297,PLC -> IO,2.95804
1775833285.681708,9.667361497879028,PLC -> IO,5.83036
1775833285.7278206,9.713474035263062,PLC -> IO,14.400599999999999
1775833285.8223953,9.808048725128174,PLC -> IO,7.10476
1775833285.944217,9.929870367050171,PLC -> IO,22.53308
1775833286.2153046,10.200958013534546,PLC -> IO,27.993560000000002
1775833286.468153,10.453806400299072,PLC -> IO,3.05484
1775833286.5302837,10.515937089920044,PLC -> IO,11.04084
1775833286.5841355,10.569788932800293,PLC -> IO,1.69316
1775833286.648498,10.634151458740234,PLC -> IO,2.72756
1775833286.8390205,10.824673891067505,PLC -> IO,20.5334
1775833287.0012786,10.986932039260864,PLC -> IO,2.05892
1775833287.0653424,11.050995826721191,PLC -> IO,0.93724
1775833287.433091,11.418744325637817,PLC -> IO,37.00444
1775833287.6877117,11.673365116119385,PLC -> IO,10.51196
1775833287.7352214,11.720874786376953,PLC -> IO,2.4666
1775833287.8881047,11.87375807762146,PLC -> IO,3.06748
1775833287.9426363,11.928289651870728,PLC -> IO,3.08028
1775833287.9912567,11.97691011428833,PLC -> IO,8.063880000000001
1775833288.0538836,12.039536952972412,PLC -> IO,13.07524
1775833288.0945501,12.080203533172607,PLC -> IO,0.35547999999999996
1775833288.148005,12.133658409118652,PLC -> IO,9.556280000000001
1775833288.217641,12.203294515609741,PLC -> IO,2.5446
1775833288.482824,12.468477487564087,PLC -> IO,8.95396
1775833288.7521315,12.73778486251831,PLC -> IO,18.754199999999997
1775833288.8299303,12.8155837059021,PLC -> IO,30.52252
1775833288.9034584,12.889111757278442,PLC -> IO,7.738519999999999
1775833288.955229,12.940882444381714,PLC -> IO,7.8966
1775833289.0187814,13.004434823989868,PLC -> IO,6.163959999999999
1775833289.16007,13.145723342895508,PLC -> IO,5.46124
1775833289.229272,13.214925289154053,PLC -> IO,6.9357999999999995
1775833289.2686558,13.254309177398682,PLC -> IO,9.2134
1775833289.4275627,13.41321611404419,PLC -> IO,14.56148
1775833289.612833,13.598486423492432,PLC -> IO,12.61372
1775833289.774243,13.759896516799927,PLC -> IO,14.47036
1775833289.819445,13.805098295211792,PLC -> IO,16.92804
1775833290.1640503,14.149703741073608,PLC -> IO,14.108920000000001
1775833290.2888865,14.274539947509766,PLC -> IO,4.56236
1775833290.3620276,14.347681045532227,PLC -> IO,1.91964
1775833290.4070837,14.39273715019226,PLC -> IO,3.95796
1775833290.5061116,14.491765022277832,PLC -> IO,3.76836
1775833290.528742,14.514395475387573,PLC -> IO,18.188039999999997
1775833290.6834712,14.669124603271484,PLC -> IO,6.2874
1775833290.7962832,14.781936645507812,PLC -> IO,4.00308
1775833290.8428712,14.828524589538574,PLC -> IO,11.92324
1775833290.8604035,14.846056938171387,PLC -> IO,13.557879999999999
1775833290.925666,14.911319494247437,PLC -> IO,6.79748
1775833291.2207105,15.206363916397095,PLC -> IO,1.003
1775833291.269334,15.254987478256226,PLC -> IO,6.92708
1775833291.5112367,15.4968900680542,PLC -> IO,0.597
1775833291.5538218,15.539475202560425,PLC -> IO,6.6182
1775833291.5769198,15.562573194503784,PLC -> IO,4.32908
1775833291.6640332,15.649686574935913,PLC -> IO,16.62036
1775833291.7111027,15.69675612449646,PLC -> IO,1.99876
1775833291.865819,15.8514723777771,PLC -> IO,17.129479999999997
1775833292.148381,16.134034395217896,PLC -> IO,9.6106
1775833292.2167218,16.202375173568726,PLC -> IO,9.9302
1775833292.427096,16.41274929046631,PLC -> IO,10.55308
1775833292.5613196,16.54697299003601,PLC -> IO,14.680520000000001
1775833292.6240232,16.609676599502563,PLC -> IO,24.08916
1775833292.8397675,16.82542085647583,PLC -> IO,18.23724
1775833293.0337672,17.019420623779297,PLC -> IO,3.0840400000000003
1775833293.174595,17.160248517990112,PLC -> IO,6.49852
1775833293.2567894,17.242442846298218,PLC -> IO,3.395
1775833293.3038034,17.289456844329834,PLC -> IO,15.71572
1775833293.3789163,17.364569664001465,PLC -> IO,6.51092
1775833293.5503767,17.536030054092407,PLC -> IO,1.79516
1775833293.6514637,17.63711714744568,PLC -> IO,23.447719999999997
1775833293.914893,17.900546312332153,PLC -> IO,34.65756
1775833294.078921,18.064574480056763,PLC -> IO,8.90148
1775833294.1700146,18.155668020248413,PLC -> IO,0.5968399999999999
1775833294.2858014,18.27145481109619,PLC -> IO,1.9308400000000001
1775833294.3896258,18.375279188156128,PLC -> IO,10.22396
1775833294.527631,18.51328444480896,PLC -> IO,4.0786
1775833294.552749,18.538402318954468,PLC -> IO,11.5298
1775833294.618294,18.603947401046753,PLC -> IO,7.1262799999999995
1775833294.8033717,18.78902506828308,PLC -> IO,1.90828
1775833294.8720574,18.85771083831787,PLC -> IO,1.83036
1775833294.9133713,18.899024724960327,PLC -> IO,6.23188
1775833295.0452542,19.03090763092041,PLC -> IO,8.19532
1775833295.0938606,19.079514026641846,PLC -> IO,9.11356
1775833295.1138492,19.099502563476562,PLC -> IO,7.5426
1775833295.3698432,19.355496644973755,PLC -> IO,7.26036
1775833295.424688,19.410341501235962,PLC -> IO,5.300680000000001
1775833295.5929694,19.578622817993164,PLC -> IO,1.7682799999999999
1775833295.857477,19.843130350112915,PLC -> IO,0.50068
1775833295.8673909,19.853044271469116,PLC -> IO,4.485720000000001
1775833295.9406362,19.926289558410645,PLC -> IO,8.45804
1775833296.442418,20.42807149887085,PLC -> IO,18.294040000000003
1775833296.4945216,20.480175018310547,PLC -> IO,17.13748
1775833296.577303,20.5629563331604,PLC -> IO,0.48772000000000004
1775833296.6514504,20.63710379600525,PLC -> IO,6.50844
1775833296.7962382,20.781891584396362,PLC -> IO,2.07756
1775833296.837929,20.823582410812378,PLC -> IO,0.9002
1775833296.8588438,20.844497203826904,PLC -> IO,2.51164
1775833296.9014473,20.88710069656372,PLC -> IO,16.65908
1775833296.9500415,20.935694932937622,PLC -> IO,20.64436
1775833297.0842948,21.069948196411133,PLC -> IO,11.91812
1775833297.1319768,21.11763024330139,PLC -> IO,9.32644
1775833297.27209,21.25774335861206,PLC -> IO,4.6022
1775833297.6429155,21.62856888771057,PLC -> IO,4.9782
1775833297.8807538,21.8664071559906,PLC -> IO,1.23204
1775833298.019854,22.005507469177246,PLC -> IO,1.3191599999999999
1775833298.0987203,22.084373712539673,PLC -> IO,4.81004
1775833298.22715,22.21280336380005,PLC -> IO,16.9226
1775833298.2873285,22.272981882095337,PLC -> IO,1.25308
1775833298.5411792,22.526832580566406,PLC -> IO,24.295
1775833298.733473,22.7191264629364,PLC -> IO,1.22732
1775833298.9308925,22.916545867919922,PLC -> IO,7.28116
1775833299.0400758,23.025729179382324,PLC -> IO,15.76164
1775833299.132014,23.11766743659973,PLC -> IO,0.25444
1775833299.2235897,23.209243059158325,PLC -> IO,2.16836
1775833299.2651184,23.25077176094055,PLC -> IO,1.52412
1775833299.485084,23.47073745727539,PLC -> IO,2.50076
1775833299.5190306,23.50468397140503,PLC -> IO,18.785880000000002
1775833299.8238456,23.80949902534485,PLC -> IO,8.0382
1775833299.9489958,23.934649229049683,PLC -> IO,1.01252
1775833300.0457034,24.031356811523438,PLC -> IO,11.40372
1775833300.2573147,24.24296808242798,PLC -> IO,6.22596
1775833300.280128,24.26578140258789,PLC -> IO,7.54772
1775833300.3261418,24.311795234680176,PLC -> IO,8.129000000000001
1775833300.454121,24.43977451324463,PLC -> IO,5.77724
1775833300.5025027,24.48815608024597,PLC -> IO,15.12644
1775833301.130313,25.115966320037842,PLC -> IO,9.05428
1775833301.2414522,25.227105617523193,PLC -> IO,0.12548
1775833301.2885478,25.274201154708862,PLC -> IO,4.7445200000000005
1775833301.4043949,25.390048265457153,PLC -> IO,19.59828
1775833301.462401,25.448054313659668,PLC -> IO,1.73164
1775833301.4790041,25.46465754508972,PLC -> IO,11.09708
1775833301.531037,25.516690492630005,PLC -> IO,1.31372
1775833301.685957,25.671610355377197,PLC -> IO,4.68404
1775833301.7230346,25.708688020706177,PLC -> IO,1.88564
1775833301.7866604,25.772313833236694,PLC -> IO,5.99548
1775833301.9057798,25.891433238983154,PLC -> IO,17.18036
1775833302.0084841,25.99413752555847,PLC -> IO,16.6538
1775833302.026699,26.012352466583252,PLC -> IO,12.49268
1775833302.245772,26.231425285339355,PLC -> IO,10.31884
1775833302.4308496,26.416502952575684,PLC -> IO,1.2198
1775833302.6679242,26.65357756614685,PLC -> IO,12.59212
1775833302.7564642,26.742117643356323,PLC -> IO,9.26252
1775833302.8613532,26.84700655937195,PLC -> IO,11.59588
1775833302.994948,26.98060131072998,PLC -> IO,0.7345999999999999
1775833303.0417194,27.02737283706665,PLC -> IO,11.55164
1775833303.1884468,27.174100160598755,PLC -> IO,13.02836
1775833303.2746165,27.2602698802948,PLC -> IO,13.03724
1775833303.4673793,27.453032732009888,PLC -> IO,0.629
1775833303.5301254,27.51577877998352,PLC -> IO,2.5120400000000003
1775833303.579731,27.56538438796997,PLC -> IO,7.1040399999999995
1775833303.6223102,27.60796356201172,PLC -> IO,5.5114
1775833303.6429043,27.628557682037354,PLC -> IO,12.633000000000001
1775833304.0750933,28.060746669769287,PLC -> IO,7.669160000000001
1775833304.1838975,28.169550895690918,PLC -> IO,24.17332
1775833304.4259183,28.411571741104126,PLC -> IO,10.5862
1775833304.5215995,28.50725293159485,PLC -> IO,8.55476
1775833304.624686,28.610339403152466,PLC -> IO,9.145159999999999
1775833304.642337,28.62799048423767,PLC -> IO,2.2078800000000003
1775833304.664403,28.6500563621521,PLC -> IO,2.86972
1775833304.7140186,28.699671983718872,PLC -> IO,1.4698
1775833304.7284756,28.714128971099854,PLC -> IO,7.05956
1775833304.776568,28.762221336364746,PLC -> IO,9.1814
1775833304.8220778,28.80773115158081,PLC -> IO,8.66668
1775833304.8663628,28.85201621055603,PLC -> IO,6.54116
1775833305.018584,29.004237413406372,PLC -> IO,1.5158800000000001
1775833305.03262,29.01827335357666,PLC -> IO,10.63916
1775833305.0812662,29.066919565200806,PLC -> IO,3.04916
1775833305.1088583,29.09451174736023,PLC -> IO,9.05892
1775833305.1969428,29.18259620666504,PLC -> IO,11.40556
1775833305.3837903,29.369443655014038,PLC -> IO,10.53164
1775833305.5081882,29.493841648101807,PLC -> IO,2.7590000000000003
1775833305.6254382,29.61109161376953,PLC -> IO,3.32876
1775833305.7525418,29.738195180892944,PLC -> IO,3.0176399999999997
1775833305.806528,29.792181491851807,PLC -> IO,1.77092
1775833305.8687823,29.854435682296753,PLC -> IO,8.148439999999999
1775833305.8888698,29.874523162841797,PLC -> IO,2.14748
1775833305.9120808,29.89773416519165,PLC -> IO,1.75588
1775833306.1669831,30.152636528015137,PLC -> IO,2.8881200000000002
1775833306.1805246,30.166177988052368,PLC -> IO,1.90044
1775833306.2765942,30.262247562408447,PLC -> IO,3.5753999999999997
1775833306.3703516,30.3560049533844,PLC -> IO,12.587
1775833306.3973265,30.38297986984253,PLC -> IO,21.564352
1775833306.5302033,30.515856742858887,PLC -> IO,23.316679999999998
1775833306.5777206,30.563374042510986,PLC -> IO,4.447559999999999
1775833306.6563573,30.64201068878174,PLC -> IO,14.76036
1775833306.8694184,30.855071783065796,PLC -> IO,6.877000000000001
1775833307.000616,30.98626947402954,PLC -> IO,0.96972
1775833307.1779048,31.1635582447052,PLC -> IO,8.36812
1775833307.3057835,31.291436910629272,PLC -> IO,5.35964
1775833307.372262,31.35791540145874,PLC -> IO,8.533560000000001
1775833307.557011,31.542664289474487,PLC -> IO,12.255479999999999
1775833307.6563509,31.642004251480103,PLC -> IO,3.48324
1775833308.3383214,32.32397484779358,PLC -> IO,2.74996
1775833308.451289,32.43694233894348,PLC -> IO,6.644760000000001
1775833308.5542533,32.5399067401886,PLC -> IO,2.75004
1775833308.8597288,32.84538221359253,PLC -> IO,8.61556
1775833308.9147146,32.900367975234985,PLC -> IO,3.15484
1775833309.4037755,33.38942885398865,PLC -> IO,2.557632
1775833309.4655848,33.45123815536499,PLC -> IO,0.81508
1775833309.5082333,33.49388670921326,PLC -> IO,5.26316
1775833309.5407174,33.52637076377869,PLC -> IO,0.35628
1775833309.5696604,33.5553138256073,PLC -> IO,13.98508
1775833309.676995,33.66264843940735,PLC -> IO,2.88732
1775833309.6874642,33.67311763763428,PLC -> IO,13.95924
1775833309.714889,33.70054244995117,PLC -> IO,4.08588
1775833309.8019783,33.78763175010681,PLC -> IO,13.806040000000001
1775833309.8637414,33.84939479827881,PLC -> IO,20.660439999999998
1775833309.9740164,33.95966982841492,PLC -> IO,0.64372
1775833309.9941607,33.97981405258179,PLC -> IO,9.307080000000001
1775833310.050609,34.03626251220703,PLC -> IO,33.05484
1775833310.328162,34.3138153553009,PLC -> IO,10.509640000000001
1775833310.4523861,34.43803954124451,PLC -> IO,14.17492
1775833310.4723997,34.45805311203003,PLC -> IO,11.57916
1775833310.562617,34.54827046394348,PLC -> IO,19.26228
1775833310.6672902,34.65294361114502,PLC -> IO,4.0618
1775833310.7424655,34.728118896484375,PLC -> IO,6.6326
1775833310.8402383,34.825891733169556,PLC -> IO,13.170440000000001
1775833310.937353,34.92300629615784,PLC -> IO,4.54028
1775833311.0946739,35.08032727241516,PLC -> IO,3.14388
1775833311.1911447,35.17679810523987,PLC -> IO,14.62468
1775833311.2640321,35.249685525894165,PLC -> IO,5.9534
1775833311.5058591,35.49151253700256,PLC -> IO,1.35212
1775833311.542565,35.528218507766724,PLC -> IO,8.060120000000001
1775833311.5701418,35.555795192718506,PLC -> IO,19.05012
1775833311.6018205,35.58747386932373,PLC -> IO,30.29652
1775833311.7184052,35.70405864715576,PLC -> IO,1.23172
1775833311.848645,35.83429837226868,PLC -> IO,31.748600000000003
1775833311.927229,35.91288232803345,PLC -> IO,9.14212
1775833312.0023735,35.9880268573761,PLC -> IO,8.23652
1775833312.1529653,36.13861870765686,PLC -> IO,1.78084
1775833312.182208,36.167861461639404,PLC -> IO,3.1615599999999997
1775833312.3458896,36.33154296875,PLC -> IO,11.164439999999999
1775833312.4909198,36.47657322883606,PLC -> IO,7.26412
1775833312.5544508,36.540104150772095,PLC -> IO,11.1958
1775833312.6035428,36.58919620513916,PLC -> IO,3.2558000000000002
1775833312.8727453,36.85839867591858,PLC -> IO,11.040360000000002
1775833312.9598699,36.945523262023926,PLC -> IO,10.65244
1775833312.9980996,36.983752965927124,PLC -> IO,4.24148
1775833313.1746838,37.16033720970154,PLC -> IO,4.17324
1775833313.3160813,37.30173468589783,PLC -> IO,4.7458
1775833313.417825,37.403478384017944,PLC -> IO,8.35196
1775833313.691457,37.67711043357849,PLC -> IO,3.26316
1775833313.6994987,37.68515205383301,PLC -> IO,14.348120000000002
1775833313.850022,37.83567547798157,PLC -> IO,0.16228
1775833313.9604416,37.94609498977661,PLC -> IO,12.46292
1775833314.0901995,38.07585287094116,PLC -> IO,17.60492
1775833314.8032746,38.78892803192139,PLC -> IO,6.15916
1775833314.851671,38.837324380874634,PLC -> IO,7.98684
1775833314.8993878,38.88504123687744,PLC -> IO,2.84724
1775833314.92282,38.9084734916687,PLC -> IO,0.010360000000000001
1775833315.0098348,38.99548816680908,PLC -> IO,5.7846
1775833315.0784855,39.064138889312744,PLC -> IO,10.79684
1775833315.2354429,39.22109627723694,PLC -> IO,0.34116
1775833315.2897427,39.27539610862732,PLC -> IO,2.8538
1775833315.3000262,39.28567957878113,PLC -> IO,9.152199999999999
1775833315.386083,39.37173628807068,PLC -> IO,3.2805999999999997
1775833315.5541086,39.539762020111084,PLC -> IO,5.11796
1775833315.5731058,39.5587592124939,PLC -> IO,7.951079999999999
1775833315.6946938,39.680347204208374,PLC -> IO,4.17852
1775833315.8325908,39.818244218826294,PLC -> IO,5.16268
1775833315.9235082,39.90916156768799,PLC -> IO,5.239879999999999
1775833315.991372,39.977025508880615,PLC -> IO,0.207
1775833316.0331461,40.01879954338074,PLC -> IO,7.8669199999999995
1775833316.1176972,40.10335063934326,PLC -> IO,1.08428
1775833316.1646283,40.15028166770935,PLC -> IO,4.66924
1775833316.21272,40.198373317718506,PLC -> IO,5.16748
1775833316.4142835,40.39993691444397,PLC -> IO,1.3370000000000002
1775833316.615249,40.60090231895447,PLC -> IO,24.07076
1775833317.2238505,41.20950388908386,PLC -> IO,4.03852
1775833317.3685236,41.35417699813843,PLC -> IO,10.77436
1775833317.5020423,41.48769569396973,PLC -> IO,0.41916000000000003
1775833317.6133726,41.59902596473694,PLC -> IO,4.149
1775833317.6937826,41.67943596839905,PLC -> IO,8.08948
1775833318.1143198,42.09997320175171,PLC -> IO,2.3914
1775833318.2172117,42.20286512374878,PLC -> IO,10.67244
1775833318.262439,42.24809241294861,PLC -> IO,9.74484
1775833318.3893344,42.374987840652466,PLC -> IO,2.8134
1775833318.4698517,42.45550513267517,PLC -> IO,2.14628
1775833318.5140827,42.499736070632935,PLC -> IO,8.23276
1775833318.7649684,42.7506217956543,PLC -> IO,4.83924
1775833319.0199187,43.00557208061218,PLC -> IO,15.664520000000001
1775833319.0827177,43.068371057510376,PLC -> IO,1.20764
1775833319.2404177,43.22607111930847,PLC -> IO,24.57252
1775833319.2856483,43.27130174636841,PLC -> IO,25.938599999999997
1775833319.414264,43.39991736412048,PLC -> IO,1.9044400000000001
1775833319.4789104,43.464563846588135,PLC -> IO,22.52028
1775833319.530823,43.51647639274597,PLC -> IO,24.834519999999998
1775833319.7312148,43.71686816215515,PLC -> IO,4.18188
1775833319.8016527,43.78730607032776,PLC -> IO,0.2094
1775833319.9326322,43.918285608291626,PLC -> IO,20.22668
1775833320.0365283,44.02218174934387,PLC -> IO,25.52356
1775833320.1110914,44.096744775772095,PLC -> IO,2.6462
1775833320.3350337,44.32068705558777,PLC -> IO,6.71964
1775833320.3534603,44.33911371231079,PLC -> IO,13.20004
1775833320.5039313,44.48958468437195,PLC -> IO,1.8302800000000001
1775833320.594104,44.57975745201111,PLC -> IO,19.3638
1775833320.6922462,44.67789959907532,PLC -> IO,11.59476
1775833320.7482436,44.7338969707489,PLC -> IO,14.81772
1775833320.9644213,44.950074672698975,PLC -> IO,5.34852
1775833321.0323925,45.0180459022522,PLC -> IO,6.6042000000000005
1775833321.1911435,45.17679691314697,PLC -> IO,9.88396
1775833321.226365,45.21201848983765,PLC -> IO,1.5062
1775833321.2694511,45.255104541778564,PLC -> IO,11.386840000000001
1775833321.3316965,45.317349910736084,PLC -> IO,24.95844
1775833321.5358524,45.52150583267212,PLC -> IO,14.75412
1775833321.554039,45.539692401885986,PLC -> IO,1.58252
1775833321.5720513,45.55770468711853,PLC -> IO,8.936440000000001
1775833321.6829023,45.66855573654175,PLC -> IO,2.75348
1775833321.7303867,45.71604013442993,PLC -> IO,7.59492
1775833321.752111,45.73776435852051,PLC -> IO,5.2506
1775833321.7784035,45.76405692100525,PLC -> IO,7.194039999999999
1775833321.7975338,45.7831871509552,PLC -> IO,27.45652
1775833321.9678595,45.9535129070282,PLC -> IO,4.9994000000000005
1775833321.9880607,45.973714113235474,PLC -> IO,4.15596
1775833322.078509,46.064162492752075,PLC -> IO,29.23012
1775833322.1660624,46.15171575546265,PLC -> IO,3.26084
1775833322.210341,46.19599437713623,PLC -> IO,17.5246
1775833322.362634,46.34828734397888,PLC -> IO,6.5138
1775833322.382693,46.36834645271301,PLC -> IO,21.639072
1775833322.5815923,46.56724572181702,PLC -> IO,14.31532
1775833322.645312,46.6309654712677,PLC -> IO,6.8052399999999995
1775833322.6652305,46.65088391304016,PLC -> IO,8.45396
1775833322.7934263,46.77907967567444,PLC -> IO,6.577
1775833322.8560483,46.84170174598694,PLC -> IO,0.57028
1775833322.9227352,46.90838861465454,PLC -> IO,9.13156
1775833323.0668533,47.05250668525696,PLC -> IO,11.31844
1775833323.1133003,47.09895372390747,PLC -> IO,4.35404
1775833323.2172637,47.20291709899902,PLC -> IO,0.69772
1775833323.2632437,47.248897075653076,PLC -> IO,1.34804
1775833323.321558,47.30721139907837,PLC -> IO,14.20796
1775833323.9427803,47.928433656692505,PLC -> IO,0.92796
1775833324.105003,48.09065651893616,PLC -> IO,12.626439999999999
1775833324.1671555,48.15280890464783,PLC -> IO,8.672360000000001
1775833324.1947072,48.180360555648804,PLC -> IO,9.786919999999999
1775833324.2153573,48.20101070404053,PLC -> IO,1.4739600000000002
1775833324.3272648,48.312918186187744,PLC -> IO,3.6012399999999998
1775833324.5038407,48.48949408531189,PLC -> IO,6.5658
1775833324.6000922,48.58574557304382,PLC -> IO,43.58244
1775833324.791274,48.77692747116089,PLC -> IO,4.19596
1775833324.8706243,48.85627770423889,PLC -> IO,21.47188
1775833324.895171,48.88082432746887,PLC -> IO,4.8200400000000005
1775833325.113417,49.09907031059265,PLC -> IO,4.19708
1775833325.1693382,49.1549916267395,PLC -> IO,6.9022
1775833325.23794,49.22359347343445,PLC -> IO,0.9218
1775833325.2847602,49.270413637161255,PLC -> IO,6.70692
1775833325.3340778,49.31973123550415,PLC -> IO,15.224359999999999
1775833325.5247374,49.510390758514404,PLC -> IO,1.81204
1775833325.5690184,49.55467176437378,PLC -> IO,23.6598
1775833325.691185,49.676838397979736,PLC -> IO,1.6758000000000002
1775833325.7077954,49.69344878196716,PLC -> IO,10.94172
1775833325.784843,49.7704963684082,PLC -> IO,9.23668
1775833325.8098066,49.79545998573303,PLC -> IO,18.3406
1775833325.8325126,49.81816601753235,PLC -> IO,7.5442
1775833325.9010766,49.88672995567322,PLC -> IO,19.13988
1775833326.037144,50.02279734611511,PLC -> IO,6.12684
1775833326.1442962,50.12994956970215,PLC -> IO,0.6674
1775833326.2479606,50.23361396789551,PLC -> IO,2.72012
1775833326.2639897,50.249643087387085,PLC -> IO,1.72332
1775833326.4026098,50.38826322555542,PLC -> IO,6.656592
1775833326.4651027,50.45075607299805,PLC -> IO,6.8138
1775833326.532236,50.51788949966431,PLC -> IO,2.4003599999999996
1775833326.789841,50.77549433708191,PLC -> IO,10.12044
1775833326.8383222,50.823975563049316,PLC -> IO,1.66316
1775833326.9262197,50.91187310218811,PLC -> IO,21.507160000000002
1775833327.0883713,51.07402467727661,PLC -> IO,9.82156
1775833327.303389,51.289042472839355,PLC -> IO,2.1618000000000004
1775833327.5532634,51.53891682624817,PLC -> IO,5.87396
1775833327.574078,51.55973148345947,PLC -> IO,2.23132
1775833328.0709164,52.05656981468201,PLC -> IO,0.69172
1775833328.6709857,52.656639099121094,PLC -> IO,6.71476
1775833328.7396219,52.72527527809143,PLC -> IO,5.7156400000000005
1775833328.7888408,52.77449417114258,PLC -> IO,8.5982
1775833328.931201,52.91685438156128,PLC -> IO,5.51684
1775833329.0362146,53.021867990493774,PLC -> IO,17.856279999999998
1775833329.190361,53.17601442337036,PLC -> IO,1.67004
1775833329.4727826,53.458436012268066,PLC -> IO,19.268919999999998
1775833329.5656083,53.55126166343689,PLC -> IO,25.91652
1775833329.6803067,53.66596007347107,PLC -> IO,7.03796
1775833329.7237787,53.70943212509155,PLC -> IO,22.673160000000003
1775833329.8292885,53.81494188308716,PLC -> IO,5.42316
1775833330.0397892,54.025442600250244,PLC -> IO,0.62908
1775833330.1024394,54.08809280395508,PLC -> IO,4.31148
1775833330.1996624,54.18531584739685,PLC -> IO,8.218919999999999
1775833330.3272855,54.312938928604126,PLC -> IO,9.35596
1775833330.3568416,54.34249496459961,PLC -> IO,6.33324
1775833330.4377394,54.42339277267456,PLC -> IO,8.282039999999999
1775833330.6090388,54.59469223022461,PLC -> IO,7.73292
1775833330.792119,54.777772426605225,PLC -> IO,7.71788
1775833331.2421927,55.22784614562988,PLC -> IO,1.74396
1775833331.4421186,55.4277720451355,PLC -> IO,8.10516
1775833331.4928,55.478453397750854,PLC -> IO,3.5159599999999998
1775833331.5254948,55.51114821434021,PLC -> IO,7.68116
1775833331.5880759,55.573729276657104,PLC -> IO,15.91892
1775833331.6207743,55.60642766952515,PLC -> IO,0.19291999999999998
1775833331.7027078,55.688361167907715,PLC -> IO,1.6406800000000001
1775833331.7637908,55.749444246292114,PLC -> IO,5.07188
1775833331.7853591,55.77101254463196,PLC -> IO,6.6818800000000005
1775833331.8799891,55.86564254760742,PLC -> IO,15.28132
1775833332.6140482,56.59970164299011,PLC -> IO,3.37628
1775833332.6751673,56.660820722579956,PLC -> IO,9.798680000000001
1775833332.7209644,56.70661783218384,PLC -> IO,13.60012
1775833332.8348854,56.82053875923157,PLC -> IO,5.1102
1775833332.9870734,56.972726821899414,PLC -> IO,14.93556
1775833333.0523174,57.037970781326294,PLC -> IO,21.67772
1775833333.2343974,57.22005081176758,PLC -> IO,6.79828
1775833333.2890038,57.274657249450684,PLC -> IO,10.80556
1775833333.5281465,57.51379990577698,PLC -> IO,8.350200000000001
1775833333.8815722,57.867225646972656,PLC -> IO,11.95244
1775833334.0922713,58.077924728393555,PLC -> IO,15.86628
1775833334.2587163,58.24436974525452,PLC -> IO,20.14436
1775833334.286303,58.27195644378662,PLC -> IO,11.76892
1775833334.3122482,58.29790163040161,PLC -> IO,5.76516
1775833334.3926759,58.378329277038574,PLC -> IO,0.69748
1775833334.4267454,58.41239881515503,PLC -> IO,10.935
1775833334.585588,58.57124137878418,PLC -> IO,1.66668
1775833334.6701355,58.65578889846802,PLC -> IO,18.4274
1775833334.7002022,58.68585562705994,PLC -> IO,15.801719999999998
1775833334.8908608,58.876514196395874,PLC -> IO,16.867320000000003
1775833335.1550794,59.140732765197754,PLC -> IO,0.14044
1775833335.2211325,59.206785917282104,PLC -> IO,9.213880000000001
1775833335.2656035,59.25125694274902,PLC -> IO,5.84756
1775833335.3900468,59.37570023536682,PLC -> IO,16.559472
1775833335.4935913,59.47924470901489,PLC -> IO,7.70364
1775833335.900206,59.88585948944092,PLC -> IO,2.3658799999999998
1775833335.9802513,59.965904712677,PLC -> IO,10.95484
1775833336.105767,60.0914204120636,PLC -> IO,10.98556
1775833336.1885543,60.17420768737793,PLC -> IO,14.83284
1775833336.3031688,60.288822174072266,PLC -> IO,14.25116
1775833336.325711,60.31136441230774,PLC -> IO,9.96716
1775833336.5422585,60.527911901474,PLC -> IO,4.790520000000001
1775833336.683579,60.66923236846924,PLC -> IO,6.6958
1775833336.7220016,60.70765495300293,PLC -> IO,15.7598
1775833336.8105187,60.79617214202881,PLC -> IO,4.253159999999999
1775833336.8692155,60.85486888885498,PLC -> IO,4.08412
1775833337.0153058,61.000959157943726,PLC -> IO,9.2194
1775833337.1091104,61.09476375579834,PLC -> IO,1.81724
1775833337.2362518,61.22190523147583,PLC -> IO,38.46012
1775833337.335719,61.321372509002686,PLC -> IO,1.2242799999999998
1775833337.4215066,61.40716004371643,PLC -> IO,24.66348
1775833337.5880258,61.57367920875549,PLC -> IO,4.29356
1775833337.6549423,61.64059567451477,PLC -> IO,4.14252
1775833337.9643304,61.94998383522034,PLC -> IO,0.22748000000000002
1775833337.9769309,61.962584257125854,PLC -> IO,0.06572
1775833338.1374137,62.123067140579224,PLC -> IO,11.65348
1775833338.3120255,62.29767894744873,PLC -> IO,3.64444
1775833338.342336,62.32798933982849,PLC -> IO,3.2394
1775833338.4987895,62.484442949295044,PLC -> IO,4.74604
1775833338.623773,62.609426498413086,PLC -> IO,4.37924
1775833338.745522,62.73117542266846,PLC -> IO,13.7562
1775833338.8079946,62.79364800453186,PLC -> IO,0.14756
1775833338.8505812,62.83623456954956,PLC -> IO,5.15988
1775833338.9186022,62.904255628585815,PLC -> IO,2.77596
1775833338.9634485,62.94910192489624,PLC -> IO,15.394120000000001
1775833339.1625342,63.1481876373291,PLC -> IO,7.5662
1775833339.2361119,63.2217652797699,PLC -> IO,3.2605199999999996
1775833339.2630508,63.24870419502258,PLC -> IO,9.72636
1775833339.3088377,63.29449105262756,PLC -> IO,2.80244
1775833339.4643197,63.44997310638428,PLC -> IO,4.13948
1775833339.511397,63.497050285339355,PLC -> IO,10.757879999999998
1775833339.7051005,63.69075393676758,PLC -> IO,5.20892
1775833339.863201,63.848854303359985,PLC -> IO,1.6639599999999999
1775833339.884961,63.87061429023743,PLC -> IO,1.56628
1775833339.9444022,63.93005561828613,PLC -> IO,26.47428
1775833340.2296271,64.21528053283691,PLC -> IO,5.685639999999999
1775833340.2521317,64.23778510093689,PLC -> IO,11.648439999999999
1775833340.3623145,64.34796786308289,PLC -> IO,9.1742
1775833340.5854948,64.57114815711975,PLC -> IO,2.807
1775833340.6607716,64.6464250087738,PLC -> IO,15.20244
1775833340.7093208,64.69497418403625,PLC -> IO,7.712359999999999
1775833340.7718506,64.75750398635864,PLC -> IO,4.29964
1775833340.8221533,64.80780673027039,PLC -> IO,1.7402
1775833340.8905487,64.87620210647583,PLC -> IO,0.23836
1775833340.937746,64.92339944839478,PLC -> IO,0.6479600000000001
1775833341.1426167,65.12827014923096,PLC -> IO,0.6738
1775833341.2059162,65.19156956672668,PLC -> IO,10.88276
1775833341.256102,65.24175548553467,PLC -> IO,14.27172
1775833341.4358664,65.42151975631714,PLC -> IO,4.25444
1775833341.6517255,65.63737893104553,PLC -> IO,8.28644
1775833341.691806,65.6774594783783,PLC -> IO,8.20644
1775833342.079664,66.06531739234924,PLC -> IO,9.36276
1775833342.099886,66.0855393409729,PLC -> IO,2.1868399999999997
1775833342.283801,66.26945447921753,PLC -> IO,21.47308
1775833342.328004,66.31365728378296,PLC -> IO,23.41756
1775833342.4344792,66.42013263702393,PLC -> IO,4.77292
1775833342.5696273,66.5552806854248,PLC -> IO,48.418839999999996
1775833342.759325,66.74497842788696,PLC -> IO,3.6868399999999997
1775833342.808963,66.79461646080017,PLC -> IO,5.649719999999999
1775833343.0369341,67.0225875377655,PLC -> IO,1.69772
1775833343.2075748,67.1932282447815,PLC -> IO,14.219000000000001
1775833343.5435574,67.52921080589294,PLC -> IO,3.45284
1775833343.5939984,67.57965183258057,PLC -> IO,9.67532
1775833343.6351056,67.62075901031494,PLC -> IO,23.31524
1775833343.7670321,67.752685546875,PLC -> IO,24.32828
1775833343.9443042,67.92995762825012,PLC -> IO,1.55252
1775833344.2049675,68.19062089920044,PLC -> IO,3.65916
1775833344.2920518,68.27770519256592,PLC -> IO,0.7494799999999999
1775833344.8337407,68.8193941116333,PLC -> IO,18.311
1775833345.008549,68.99420237541199,PLC -> IO,11.69396
1775833345.0330155,69.01866888999939,PLC -> IO,12.39852
1775833345.0577605,69.04341387748718,PLC -> IO,37.633720000000004
1775833345.2528362,69.23848962783813,PLC -> IO,21.666359999999997
1775833345.3555512,69.34120464324951,PLC -> IO,2.75076
1775833345.5795577,69.56521105766296,PLC -> IO,0.16563999999999998
1775833345.7309122,69.71656560897827,PLC -> IO,4.96836
1775833345.7493958,69.7350492477417,PLC -> IO,4.05212
1775833345.80882,69.79447340965271,PLC -> IO,12.4446
1775833345.9433348,69.9289882183075,PLC -> IO,9.39708
1775833345.9935207,69.97917413711548,PLC -> IO,1.6702
1775833346.3496401,70.33529353141785,PLC -> IO,5.9656400000000005
1775833346.5027106,70.48836398124695,PLC -> IO,6.74948
1775833346.603137,70.58879041671753,PLC -> IO,3.2866000000000004
1775833346.777904,70.76355743408203,PLC -> IO,0.7820400000000001
1775833346.868297,70.85395050048828,PLC -> IO,6.76356
1775833346.9485896,70.9342429637909,PLC -> IO,7.3442799999999995
1775833347.0611725,71.0468258857727,PLC -> IO,2.76268
1775833347.0812666,71.06692004203796,PLC -> IO,8.6062
1775833347.6457193,71.6313726902008,PLC -> IO,23.42196
1775833347.7676528,71.7533061504364,PLC -> IO,1.66228
1775833347.7812502,71.76690363883972,PLC -> IO,1.31084
1775833347.8437576,71.82941102981567,PLC -> IO,6.12652
1775833347.90822,71.89387345314026,PLC -> IO,4.12796
1775833347.9383101,71.92396354675293,PLC -> IO,0.8274
1775833348.3112633,72.29691672325134,PLC -> IO,22.74196
1775833348.4700491,72.45570254325867,PLC -> IO,16.70332
1775833348.5981128,72.58376622200012,PLC -> IO,0.76028
1775833348.8940775,72.87973093986511,PLC -> IO,4.1294
1775833349.2199895,73.20564293861389,PLC -> IO,6.13788
1775833349.714826,73.70047950744629,PLC -> IO,1.9818000000000002
1775833349.8973985,73.88305187225342,PLC -> IO,14.093639999999999
1775833350.1689289,74.15458226203918,PLC -> IO,4.25444
1775833350.2274396,74.21309304237366,PLC -> IO,33.74092
1775833350.2684243,74.25407767295837,PLC -> IO,26.85172
1775833350.3171449,74.3027982711792,PLC -> IO,5.7534
1775833350.3597436,74.34539699554443,PLC -> IO,2.6394
1775833350.677606,74.66325950622559,PLC -> IO,3.72732
1775833350.8137085,74.79936194419861,PLC -> IO,5.08764
1775833350.9843476,74.97000098228455,PLC -> IO,10.91644
1775833351.2217002,75.20735359191895,PLC -> IO,11.76644
1775833351.356941,75.3425943851471,PLC -> IO,24.88996
1775833351.3856523,75.37130570411682,PLC -> IO,2.27524
1775833351.4613094,75.44696283340454,PLC -> IO,12.880600000000001
1775833351.5785358,75.56418919563293,PLC -> IO,9.40588
1775833351.7744184,75.76007175445557,PLC -> IO,6.7941199999999995
1775833351.8188765,75.80452990531921,PLC -> IO,5.730919999999999
1775833351.8789072,75.86456060409546,PLC -> IO,0.92316
1775833352.075448,76.06110143661499,PLC -> IO,5.70396
1775833352.43151,76.4171633720398,PLC -> IO,3.34484
1775833352.4583118,76.4439651966095,PLC -> IO,0.83076
1775833352.4690754,76.45472884178162,PLC -> IO,17.854760000000002
1775833352.6448026,76.63045597076416,PLC -> IO,4.33244
1775833352.7107809,76.69643425941467,PLC -> IO,4.42228
1775833352.7533646,76.73901796340942,PLC -> IO,36.859719999999996
1775833352.9147663,76.90041971206665,PLC -> IO,13.402040000000001
1775833353.0485725,77.03422594070435,PLC -> IO,10.297880000000001
1775833353.0651884,77.05084180831909,PLC -> IO,7.72676
1775833353.1138594,77.09951281547546,PLC -> IO,0.8442000000000001
1775833353.1782176,77.16387104988098,PLC -> IO,0.7809200000000001
1775833353.2710435,77.25669693946838,PLC -> IO,20.78068
1775833353.3462543,77.33190774917603,PLC -> IO,11.0966
1775833353.3856287,77.37128210067749,PLC -> IO,0.86892
1775833353.47492,77.46057343482971,PLC -> IO,11.85756
1775833353.5452275,77.53088092803955,PLC -> IO,6.8202
1775833353.6288917,77.61454510688782,PLC -> IO,3.3193200000000003
1775833353.7366009,77.72225427627563,PLC -> IO,6.73188
1775833353.8698716,77.85552501678467,PLC -> IO,4.92508
1775833354.0620885,78.04774188995361,PLC -> IO,25.83188
1775833354.1682827,78.15393614768982,PLC -> IO,1.80108
1775833354.375714,78.36136746406555,PLC -> IO,8.755560000000001
1775833354.402248,78.38790130615234,PLC -> IO,4.192352
1775833354.5771112,78.5627646446228,PLC -> IO,0.82476
1775833354.6321964,78.61784982681274,PLC -> IO,11.719159999999999
1775833354.7534363,78.73908972740173,PLC -> IO,1.6938
1775833354.833625,78.81927847862244,PLC -> IO,17.7206
1775833355.2502363,79.23588967323303,PLC -> IO,4.22156
1775833355.2826939,79.26834726333618,PLC -> IO,0.86108
1775833355.43665,79.42230343818665,PLC -> IO,0.68132
1775833355.5060399,79.49169325828552,PLC -> IO,11.73932
1775833355.5727558,79.55840921401978,PLC -> IO,3.3417999999999997
1775833355.587987,79.5736403465271,PLC -> IO,8.1246
1775833355.63823,79.62388348579407,PLC -> IO,3.87988
1775833355.8480198,79.83367323875427,PLC -> IO,8.45484
1775833355.9021266,79.88777995109558,PLC -> IO,4.4478
1775833356.0184515,80.00410485267639,PLC -> IO,1.8340400000000001
1775833356.1823144,80.16796779632568,PLC -> IO,4.2862
1775833356.2024114,80.18806481361389,PLC -> IO,8.6242
1775833356.2894042,80.275057554245,PLC -> IO,0.78028
1775833356.3119287,80.29758214950562,PLC -> IO,1.01956
1775833356.3376913,80.32334470748901,PLC -> IO,6.68572
1775833356.3594654,80.34511876106262,PLC -> IO,8.59508
1775833356.5726578,80.55831122398376,PLC -> IO,3.60548
1775833356.7777889,80.76344227790833,PLC -> IO,1.58684
1775833356.8311758,80.81682920455933,PLC -> IO,9.308119999999999
1775833356.9199462,80.90559959411621,PLC -> IO,1.39476
1775833356.983364,80.96901750564575,PLC -> IO,5.22196
1775833357.0309935,81.01664686203003,PLC -> IO,1.80244
1775833357.0996008,81.0852541923523,PLC -> IO,5.21244
1775833357.4047925,81.3904459476471,PLC -> IO,3.2553199999999998
1775833357.4917946,81.47744798660278,PLC -> IO,10.95372
1775833357.5144255,81.50007891654968,PLC -> IO,4.22116
1775833357.5795574,81.56521081924438,PLC -> IO,4.32652
1775833357.6102304,81.59588384628296,PLC -> IO,2.2021200000000003
1775833357.709105,81.69475841522217,PLC -> IO,25.78716
1775833357.7567759,81.74242925643921,PLC -> IO,13.2654
1775833357.8176332,81.8032865524292,PLC -> IO,6.201639999999999
1775833357.929163,81.91481637954712,PLC -> IO,20.95052
1775833358.078456,82.06410932540894,PLC -> IO,12.82436
1775833358.1674318,82.153085231781,PLC -> IO,4.8142000000000005
1775833358.3745444,82.36019778251648,PLC -> IO,4.30844
1775833358.6070118,82.59266519546509,PLC -> IO,4.44468
1775833358.643729,82.62938237190247,PLC -> IO,4.230440000000001
1775833358.6929688,82.67862224578857,PLC -> IO,0.33836
1775833358.7475858,82.73323917388916,PLC -> IO,1.7062799999999998
1775833358.7978063,82.78345966339111,PLC -> IO,1.58804
1775833358.8126845,82.79833793640137,PLC -> IO,1.73972
1775833359.0914106,83.077064037323,PLC -> IO,3.07052
1775833359.1512935,83.1369469165802,PLC -> IO,21.83452
1775833359.348598,83.3342514038086,PLC -> IO,1.77812
1775833359.363707,83.34936046600342,PLC -> IO,5.1143600000000005
1775833359.5033798,83.48903322219849,PLC -> IO,7.8078
1775833359.5835674,83.5692207813263,PLC -> IO,10.90012
1775833359.8820405,83.86769390106201,PLC -> IO,3.6275600000000003
1775833359.9625037,83.94815707206726,PLC -> IO,5.72108
1775833360.0719192,84.05757260322571,PLC -> IO,4.42804
1775833360.3244238,84.31007719039917,PLC -> IO,2.439
1775833360.4356449,84.42129826545715,PLC -> IO,22.84212
1775833360.4588847,84.44453811645508,PLC -> IO,19.649
1775833360.4862385,84.4718918800354,PLC -> IO,22.04668
1775833360.6125715,84.59822487831116,PLC -> IO,16.37332
1775833360.750774,84.7364273071289,PLC -> IO,17.84396
1775833360.8898501,84.87550354003906,PLC -> IO,3.89852
1775833361.0921028,85.07775616645813,PLC -> IO,6.65836
1775833361.1546884,85.14034175872803,PLC -> IO,6.81684
1775833361.1750605,85.16071391105652,PLC -> IO,7.19396
1775833361.2207081,85.2063615322113,PLC -> IO,6.8962
1775833361.29097,85.27662348747253,PLC -> IO,9.19292
1775833361.6354237,85.62107706069946,PLC -> IO,0.75204
1775833361.6882582,85.67391157150269,PLC -> IO,2.3707599999999998
1775833362.1815367,86.16719007492065,PLC -> IO,9.18868
1775833362.3112972,86.29695057868958,PLC -> IO,7.20772
1775833362.3535743,86.3392276763916,PLC -> IO,6.697159999999999
1775833362.3729606,86.35861396789551,PLC -> IO,7.64228
1775833362.422519,86.4081723690033,PLC -> IO,3.08476
1775833362.5477343,86.53338766098022,PLC -> IO,5.614199999999999
1775833362.7233195,86.7089729309082,PLC -> IO,5.81108
1775833362.8995392,86.88519263267517,PLC -> IO,4.321560000000001
1775833362.9197571,86.90541052818298,PLC -> IO,5.13876
1775833362.9867191,86.97237253189087,PLC -> IO,46.023799999999994
1775833363.3111718,87.29682517051697,PLC -> IO,0.69148
1775833363.4631972,87.44885063171387,PLC -> IO,0.97756
1775833363.511694,87.49734735488892,PLC -> IO,0.0694
1775833363.5419374,87.52759075164795,PLC -> IO,2.19412
1775833363.5769818,87.56263518333435,PLC -> IO,2.42076
1775833363.6201808,87.60583424568176,PLC -> IO,7.7382800000000005
1775833363.7516885,87.73734188079834,PLC -> IO,8.140039999999999
1775833363.9115016,87.89715504646301,PLC -> IO,0.7602000000000001
1775833363.994812,87.98046541213989,PLC -> IO,1.8642
1775833364.0608547,88.04650807380676,PLC -> IO,10.44708
1775833364.2819088,88.2675621509552,PLC -> IO,19.83332
1775833364.3084328,88.29408621788025,PLC -> IO,5.2328399999999995
1775833364.6271217,88.61277508735657,PLC -> IO,14.31316
1775833364.6670506,88.65270400047302,PLC -> IO,11.84716
1775833364.778358,88.76401138305664,PLC -> IO,22.77668
1775833364.845412,88.83106541633606,PLC -> IO,12.5366
1775833364.8879282,88.87358164787292,PLC -> IO,0.66084
1775833365.0242407,89.00989413261414,PLC -> IO,1.62124
1775833365.1956997,89.1813530921936,PLC -> IO,11.88284
1775833365.4892013,89.4748547077179,PLC -> IO,2.5786
1775833365.7339938,89.71964716911316,PLC -> IO,8.29852
1775833365.8644338,89.85008716583252,PLC -> IO,5.9482
1775833365.909849,89.89550232887268,PLC -> IO,2.27508
1775833365.9775698,89.96322321891785,PLC -> IO,2.29108
1775833366.1154397,90.10109305381775,PLC -> IO,0.9314800000000001
1775833366.214726,90.20037937164307,PLC -> IO,5.32772
1775833366.2817636,90.26741695404053,PLC -> IO,10.04596
1775833366.3283536,90.3140070438385,PLC -> IO,14.104840000000001
1775833366.4682622,90.4539155960083,PLC -> IO,5.85724
1775833366.5151427,90.50079607963562,PLC -> IO,5.6026
1775833366.5482976,90.53395104408264,PLC -> IO,7.828999999999999
1775833366.6471052,90.63275861740112,PLC -> IO,5.8350800000000005
1775833366.8077576,90.79341101646423,PLC -> IO,18.18092
1775833367.0257416,91.01139497756958,PLC -> IO,2.84396
1775833367.046736,91.03238940238953,PLC -> IO,4.0605199999999995
1775833367.094402,91.08005547523499,PLC -> IO,1.6178
1775833367.179871,91.16552448272705,PLC -> IO,2.2850800000000002
1775833367.2022212,91.18787455558777,PLC -> IO,11.22364
1775833367.4816535,91.4673068523407,PLC -> IO,5.83452
1775833367.5710475,91.55670094490051,PLC -> IO,17.75628
1775833367.7206259,91.70627927780151,PLC -> IO,0.8694799999999999
1775833367.879439,91.86509251594543,PLC -> IO,1.84852
1775833368.2615254,92.24717879295349,PLC -> IO,1.7476399999999999
1775833368.3137288,92.29938220977783,PLC -> IO,0.58228
1775833368.3764126,92.36206603050232,PLC -> IO,3.7445999999999997
1775833368.6820424,92.66769576072693,PLC -> IO,5.90916
1775833368.8603969,92.84605026245117,PLC -> IO,0.9178
1775833368.9566176,92.9422709941864,PLC -> IO,1.46572
1775833369.035066,93.02071928977966,PLC -> IO,4.18428
1775833369.1494927,93.13514614105225,PLC -> IO,3.4834
1775833369.3369305,93.3225839138031,PLC -> IO,4.25108
1775833369.3519855,93.33763885498047,PLC -> IO,5.706840000000001
1775833369.4322333,93.41788673400879,PLC -> IO,19.3002
1775833369.6044905,93.59014391899109,PLC -> IO,5.89628
1775833369.7162986,93.70195198059082,PLC -> IO,14.17812
1775833369.819294,93.80494737625122,PLC -> IO,4.3493200000000005
1775833369.9094758,93.89512920379639,PLC -> IO,6.96292
1775833369.9741178,93.95977115631104,PLC -> IO,2.40132
1775833370.06527,94.05092334747314,PLC -> IO,14.16468
1775833370.236332,94.22198534011841,PLC -> IO,11.15188
1775833370.2833376,94.26899099349976,PLC -> IO,6.73348
1775833370.334439,94.32009243965149,PLC -> IO,3.2246
1775833370.6706076,94.65626096725464,PLC -> IO,23.41492
1775833370.9496393,94.93529272079468,PLC -> IO,7.784120000000001
1775833371.3157723,95.30142569541931,PLC -> IO,1.04428
1775833371.4355166,95.4211699962616,PLC -> IO,3.34204
1775833371.57248,95.55813336372375,PLC -> IO,2.78116
1775833371.6689315,95.65458488464355,PLC -> IO,8.06292
1775833371.8052828,95.79093623161316,PLC -> IO,7.174200000000001
1775833371.844327,95.82998037338257,PLC -> IO,0.83556
1775833371.9089088,95.89456224441528,PLC -> IO,4.05708
1775833371.9787874,95.96444082260132,PLC -> IO,16.29036
1775833372.327823,96.31347632408142,PLC -> IO,3.9758
1775833372.521676,96.50732946395874,PLC -> IO,3.4342
1775833372.5893364,96.57498979568481,PLC -> IO,13.4122
1775833372.6183593,96.60401272773743,PLC -> IO,12.98788
1775833372.6438441,96.62949752807617,PLC -> IO,2.1654
1775833372.753048,96.73870134353638,PLC -> IO,2.5927599999999997
1775833373.1570523,97.14270567893982,PLC -> IO,7.74052
1775833373.2047248,97.19037818908691,PLC -> IO,4.24468
1775833373.3722086,97.35786199569702,PLC -> IO,3.78036
1775833373.4824255,97.46807885169983,PLC -> IO,3.84564
1775833373.5893347,97.57498812675476,PLC -> IO,9.97452
1775833373.6401021,97.62575554847717,PLC -> IO,2.7594
1775833373.7633276,97.74898099899292,PLC -> IO,6.7505999999999995
1775833374.0366523,98.022305727005,PLC -> IO,5.1606000000000005
1775833374.0776193,98.06327271461487,PLC -> IO,4.15596
1775833374.2273076,98.21296095848083,PLC -> IO,20.267480000000003
1775833374.251613,98.23726630210876,PLC -> IO,8.449399999999999
1775833374.3738575,98.35951089859009,PLC -> IO,18.54988
1775833374.441074,98.42672729492188,PLC -> IO,2.88036
1775833374.5036092,98.48926258087158,PLC -> IO,15.402280000000001
1775833374.5313647,98.51701807975769,PLC -> IO,21.31548
1775833374.66478,98.65043330192566,PLC -> IO,2.15884
1775833374.7926576,98.77831101417542,PLC -> IO,0.62116
1775833374.858666,98.8443193435669,PLC -> IO,2.24708
1775833374.9431136,98.92876696586609,PLC -> IO,15.82652
1775833374.9680414,98.95369482040405,PLC -> IO,17.39164
1775833375.1923304,99.17798376083374,PLC -> IO,7.16716
1775833375.3132262,99.29887962341309,PLC -> IO,8.3642
1775833375.350939,99.33659243583679,PLC -> IO,7.869879999999999
1775833375.7045035,99.69015693664551,PLC -> IO,4.366680000000001
1775833376.0079494,99.99360275268555,PLC -> IO,4.281079999999999
1775833376.018263,100.0039165019989,PLC -> IO,6.72516
1775833376.435569,100.421222448349,PLC -> IO,0.73324
1775833376.536703,100.52235651016235,PLC -> IO,7.39436
1775833376.5473483,100.53300166130066,PLC -> IO,2.68556
1775833376.6650934,100.65074682235718,PLC -> IO,5.27092
1775833376.7406754,100.72632884979248,PLC -> IO,10.94132
1775833376.9971974,100.9828507900238,PLC -> IO,12.86676
1775833377.1069458,101.09259915351868,PLC -> IO,17.42636
1775833377.169908,101.15556144714355,PLC -> IO,9.882439999999999
1775833377.321808,101.30746150016785,PLC -> IO,11.795480000000001
1775833377.4093935,101.3950469493866,PLC -> IO,3.35396
1775833377.4354453,101.42109870910645,PLC -> IO,1.85524
1775833377.5400052,101.52565860748291,PLC -> IO,17.26828
1775833377.5625548,101.54820823669434,PLC -> IO,9.27332
1775833377.7788606,101.76451396942139,PLC -> IO,5.32756
1775833377.8687737,101.8544270992279,PLC -> IO,1.53356
1775833377.910437,101.89609050750732,PLC -> IO,10.56404
1775833378.5346239,102.52027726173401,PLC -> IO,10.49948
1775833378.663501,102.64915442466736,PLC -> IO,2.74676
1775833378.759937,102.74559044837952,PLC -> IO,7.3342
1775833379.0535278,103.03918123245239,PLC -> IO,7.23748
1775833379.2280614,103.21371483802795,PLC -> IO,0.04292
1775833379.2496665,103.23531985282898,PLC -> IO,1.30532
1775833379.3557632,103.34141659736633,PLC -> IO,15.39076
1775833379.5281837,103.51383709907532,PLC -> IO,4.293080000000001
1775833379.814669,103.80032229423523,PLC -> IO,8.89444
1775833379.9694767,103.95513010025024,PLC -> IO,1.8699599999999998
1775833380.06515,104.05080342292786,PLC -> IO,5.6233200000000005
1775833380.0900953,104.0757486820221,PLC -> IO,1.7456399999999999
1775833380.1362114,104.12186479568481,PLC -> IO,4.72732
1775833380.2004426,104.18609595298767,PLC -> IO,4.52828
1775833380.4203572,104.40601062774658,PLC -> IO,2.525
1775833380.4829614,104.46861481666565,PLC -> IO,8.559880000000001
1775833380.5514994,104.5371527671814,PLC -> IO,1.75604
1775833380.5958402,104.58149361610413,PLC -> IO,10.3874
1775833380.8510983,104.83675169944763,PLC -> IO,9.64924
1775833380.986182,104.97183537483215,PLC -> IO,29.44964
1775833381.0798817,105.06553506851196,PLC -> IO,8.816360000000001
1775833381.2074223,105.19307565689087,PLC -> IO,9.64012
1775833381.2900894,105.27574276924133,PLC -> IO,3.1374
1775833381.311652,105.29730534553528,PLC -> IO,6.881080000000001
1775833381.3346908,105.32034420967102,PLC -> IO,1.37596
1775833381.4640086,105.44966197013855,PLC -> IO,13.092680000000001
1775833381.57755,105.56320333480835,PLC -> IO,3.13148
1775833381.7179518,105.70360517501831,PLC -> IO,3.3726
1775833381.794845,105.78049850463867,PLC -> IO,4.36116
1775833381.8817828,105.867436170578,PLC -> IO,6.99572
1775833381.9724207,105.95807409286499,PLC -> IO,12.06868
1775833381.9880564,105.97370982170105,PLC -> IO,36.62436
1775833382.1233518,106.10900521278381,PLC -> IO,32.8402
1775833382.1659663,106.15161967277527,PLC -> IO,36.32276
1775833382.3676162,106.35326957702637,PLC -> IO,9.15324
1775833382.4112077,106.39686107635498,PLC -> IO,15.661399999999999
1775833382.5349803,106.52063369750977,PLC -> IO,10.713479999999999
1775833382.711299,106.69695234298706,PLC -> IO,0.63788
1775833382.7725227,106.75817608833313,PLC -> IO,4.71788
1775833382.8874753,106.87312865257263,PLC -> IO,1.87836
1775833382.9405048,106.92615818977356,PLC -> IO,0.9541200000000001
1775833383.1059382,107.0915915966034,PLC -> IO,2.64036
1775833383.17281,107.15846347808838,PLC -> IO,5.05212
1775833383.4829702,107.46862363815308,PLC -> IO,24.41756
1775833383.555613,107.54126644134521,PLC -> IO,9.481
1775833383.6688259,107.65447926521301,PLC -> IO,16.223399999999998
1775833383.8651025,107.8507559299469,PLC -> IO,0.6194
1775833384.1778586,108.16351199150085,PLC -> IO,13.390920000000001
1775833384.3450584,108.33071184158325,PLC -> IO,0.62556
1775833384.3877554,108.37340879440308,PLC -> IO,7.52724
1775833384.460992,108.44664549827576,PLC -> IO,8.828600000000002
1775833384.7314136,108.71706700325012,PLC -> IO,0.53708
1775833385.2373352,109.22298860549927,PLC -> IO,3.8086
1775833385.2825878,109.26824116706848,PLC -> IO,5.6166
1775833385.3357644,109.32141780853271,PLC -> IO,2.7816400000000003
1775833385.422823,109.40847635269165,PLC -> IO,0.9704400000000001
1775833385.4603932,109.44604659080505,PLC -> IO,3.50692
1775833385.5706127,109.55626606941223,PLC -> IO,8.59516
1775833385.7514489,109.73710227012634,PLC -> IO,2.2279600000000004
1775833385.945437,109.93109035491943,PLC -> IO,22.993
1775833386.3541746,110.33982801437378,PLC -> IO,3.463
1775833386.3735902,110.35924363136292,PLC -> IO,3.80172
1775833386.4200075,110.40566086769104,PLC -> IO,2.6812400000000003
1775833386.5916493,110.57730269432068,PLC -> IO,8.5138
1775833386.7715068,110.75716018676758,PLC -> IO,13.49012
1775833386.7971258,110.78277921676636,PLC -> IO,3.5010000000000003
1775833386.8416436,110.82729697227478,PLC -> IO,13.431000000000001
1775833387.0055866,110.99124002456665,PLC -> IO,0.859
1775833387.0475605,111.03321385383606,PLC -> IO,14.02396
1775833387.0901384,111.07579183578491,PLC -> IO,39.106519999999996
1775833387.2680726,111.2537260055542,PLC -> IO,2.4194
1775833387.3498476,111.33550095558167,PLC -> IO,18.797
1775833387.4589107,111.4445641040802,PLC -> IO,6.47572
1775833387.5099719,111.49562525749207,PLC -> IO,8.11404
1775833387.5812855,111.56693887710571,PLC -> IO,3.85556
1775833387.6878219,111.67347526550293,PLC -> IO,1.5901999999999998
1775833387.7059531,111.69160652160645,PLC -> IO,2.9316400000000002
1775833388.0681708,112.05382418632507,PLC -> IO,28.387079999999997
1775833388.1173756,112.10302901268005,PLC -> IO,33.75916
1775833388.4303122,112.41596555709839,PLC -> IO,20.07556
1775833388.7608514,112.74650478363037,PLC -> IO,3.749
1775833388.9513426,112.93699598312378,PLC -> IO,5.63236
1775833388.9995646,112.9852180480957,PLC -> IO,4.3848400000000005
1775833389.611197,113.59685039520264,PLC -> IO,2.04572
1775833389.632732,113.6183853149414,PLC -> IO,14.10612
1775833389.7163656,113.70201897621155,PLC -> IO,19.14836
1775833389.8977196,113.88337302207947,PLC -> IO,12.615879999999999
1775833390.0214682,114.00712156295776,PLC -> IO,0.09459999999999999
1775833390.0971093,114.08276271820068,PLC -> IO,10.56132
1775833390.1323795,114.1180329322815,PLC -> IO,9.72244
1775833390.5912588,114.57691216468811,PLC -> IO,3.8594
1775833390.868533,114.85418629646301,PLC -> IO,3.1256399999999998
1775833391.0890882,115.07474160194397,PLC -> IO,6.1680399999999995
1775833391.1267517,115.1124050617218,PLC -> IO,1.8065200000000001
1775833391.2831328,115.26878619194031,PLC -> IO,25.01116
1775833391.4603195,115.44597291946411,PLC -> IO,3.5314
1775833391.482871,115.46852445602417,PLC -> IO,9.50556
1775833391.5386777,115.52433109283447,PLC -> IO,10.2254
1775833391.6877785,115.67343187332153,PLC -> IO,5.99908
1775833391.9293756,115.91502904891968,PLC -> IO,4.28596
1775833391.9644196,115.95007300376892,PLC -> IO,4.450360000000001
1775833392.0823352,116.0679886341095,PLC -> IO,4.2759599999999995
1775833392.2464063,116.23205971717834,PLC -> IO,13.00188
1775833392.329672,116.31532549858093,PLC -> IO,5.2964400000000005
1775833393.1275213,117.11317467689514,PLC -> IO,6.632759999999999
1775833393.157759,117.14341235160828,PLC -> IO,6.45132
1775833393.2689395,117.25459289550781,PLC -> IO,2.9998
1775833393.2864568,117.27211022377014,PLC -> IO,5.91108
1775833393.3986726,117.38432598114014,PLC -> IO,5.609152
1775833393.7043788,117.69003224372864,PLC -> IO,26.97268
1775833393.9477684,117.93342185020447,PLC -> IO,0.69772
1775833394.0646148,118.05026817321777,PLC -> IO,17.0326
1775833394.0996907,118.08534407615662,PLC -> IO,22.9486
1775833394.187772,118.1734254360199,PLC -> IO,7.48484
1775833394.2137096,118.19936299324036,PLC -> IO,9.111559999999999
1775833394.4702203,118.45587372779846,PLC -> IO,2.59772
1775833394.5230386,118.5086920261383,PLC -> IO,4.41836
1775833394.6652007,118.65085411071777,PLC -> IO,7.53436
1775833394.7839768,118.76963019371033,PLC -> IO,3.9746
1775833394.8234224,118.80907583236694,PLC -> IO,14.73452
1775833394.9045827,118.89023613929749,PLC -> IO,2.0953999999999997
1775833395.0274694,119.01312279701233,PLC -> IO,0.54732
1775833395.03543,119.02108335494995,PLC -> IO,9.4322
1775833395.1508586,119.13651204109192,PLC -> IO,2.71972
1775833395.5649862,119.55063962936401,PLC -> IO,5.62844
1775833395.6701071,119.6557605266571,PLC -> IO,1.68068
1775833395.803635,119.78928828239441,PLC -> IO,13.89124
1775833395.8446925,119.83034586906433,PLC -> IO,20.30228
1775833395.9132679,119.898921251297,PLC -> IO,7.865880000000001
1775833395.95588,119.94153332710266,PLC -> IO,10.430760000000001
1775833396.2186925,120.20434594154358,PLC -> IO,1.34028
1775833396.3264983,120.31215167045593,PLC -> IO,26.09084
1775833396.4549873,120.4406406879425,PLC -> IO,1.3400400000000001
1775833396.5655947,120.55124807357788,PLC -> IO,16.502840000000003
1775833396.7334266,120.71907997131348,PLC -> IO,3.80732
1775833396.8410988,120.82675218582153,PLC -> IO,6.43804
1775833397.1796129,121.16526627540588,PLC -> IO,14.615639999999999
1775833397.3095717,121.29522514343262,PLC -> IO,1.9268399999999999
1775833397.5454237,121.53107714653015,PLC -> IO,15.450999999999999
1775833397.7760863,121.76173973083496,PLC -> IO,1.33252
1775833397.9173577,121.9030110836029,PLC -> IO,2.23156
1775833397.9308956,121.91654896736145,PLC -> IO,1.70996
1775833398.028007,122.0136604309082,PLC -> IO,11.81204
1775833398.3576643,122.34331774711609,PLC -> IO,6.50484
1775833398.5268776,122.512531042099,PLC -> IO,10.56172
1775833398.6886177,122.67427110671997,PLC -> IO,13.10548
1775833398.8371065,122.82275986671448,PLC -> IO,29.449800000000003
1775833398.8816197,122.8672730922699,PLC -> IO,33.582679999999996
1775833399.0730593,123.05871272087097,PLC -> IO,0.32595999999999997
1775833399.2510173,123.23667073249817,PLC -> IO,15.3702
1775833399.2779922,123.2636456489563,PLC -> IO,11.8426
1775833399.5349202,123.52057361602783,PLC -> IO,3.53932
1775833399.6657822,123.6514356136322,PLC -> IO,19.43772
1775833399.843109,123.82876229286194,PLC -> IO,14.49924
1775833399.947781,123.93343448638916,PLC -> IO,8.14044
1775833400.0273721,124.01302552223206,PLC -> IO,2.10772
1775833400.0780742,124.0637276172638,PLC -> IO,17.960279999999997
1775833400.0996356,124.08528900146484,PLC -> IO,16.442120000000003
1775833400.1742673,124.15992069244385,PLC -> IO,15.92052
1775833400.2368984,124.22255182266235,PLC -> IO,10.47916
1775833400.3925784,124.37823176383972,PLC -> IO,3.0405200000000003
1775833400.602529,124.58818244934082,PLC -> IO,5.4841999999999995
1775833400.6300724,124.61572575569153,PLC -> IO,2.18476
1775833400.7409031,124.72655653953552,PLC -> IO,4.50612
1775833400.8350463,124.82069969177246,PLC -> IO,3.62148
1775833400.8851085,124.87076187133789,PLC -> IO,5.46924
1775833400.932758,124.91841149330139,PLC -> IO,3.0402799999999996
1775833400.976898,124.96255135536194,PLC -> IO,3.48212
1775833401.094595,125.08024835586548,PLC -> IO,1.31644
1775833401.127477,125.11313033103943,PLC -> IO,8.19924
1775833401.18871,125.17436337471008,PLC -> IO,27.21668
1775833401.3640163,125.34966969490051,PLC -> IO,6.05548
1775833401.8534288,125.83908224105835,PLC -> IO,1.15404
1775833401.938272,125.92392539978027,PLC -> IO,4.40524
1775833402.147,126.13265347480774,PLC -> IO,7.08948
1775833402.323065,126.30871844291687,PLC -> IO,0.98588
1775833402.3446393,126.33029270172119,PLC -> IO,2.80156
1775833402.3866794,126.37233281135559,PLC -> IO,5.46972
1775833402.5689135,126.55456686019897,PLC -> IO,0.9260400000000001
1775833402.6346312,126.62028455734253,PLC -> IO,4.85532
1775833402.6967542,126.68240761756897,PLC -> IO,19.49868
1775833403.054007,127.03966045379639,PLC -> IO,4.00892
1775833403.1331475,127.11880087852478,PLC -> IO,6.95092
1775833403.3053722,127.29102563858032,PLC -> IO,2.09212
1775833403.3485196,127.33417296409607,PLC -> IO,4.44908
1775833403.3681147,127.35376811027527,PLC -> IO,0.44612
1775833403.5059798,127.49163317680359,PLC -> IO,1.32444
1775833403.6717215,127.6573748588562,PLC -> IO,5.945480000000001
1775833403.7271535,127.71280694007874,PLC -> IO,18.674280000000003
1775833403.7907777,127.7764310836792,PLC -> IO,15.296199999999999
1775833404.265884,128.25153732299805,PLC -> IO,2.347
1775833404.3080018,128.29365515708923,PLC -> IO,11.484919999999999
1775833404.3856122,128.37126564979553,PLC -> IO,3.86596
1775833404.5308938,128.51654720306396,PLC -> IO,6.48844
1775833404.5758953,128.56154870986938,PLC -> IO,9.681560000000001
1775833404.6795473,128.66520071029663,PLC -> IO,0.25868
1775833404.726792,128.71244549751282,PLC -> IO,4.51804
1775833404.7694364,128.75508975982666,PLC -> IO,8.80748
1775833404.798364,128.78401732444763,PLC -> IO,5.52204
1775833404.8360887,128.8217420578003,PLC -> IO,12.913
1775833404.939124,128.92477750778198,PLC -> IO,6.10836
1775833405.099887,129.08554029464722,PLC -> IO,19.73236
1775833405.172529,129.15818238258362,PLC -> IO,5.5725999999999996
1775833405.1866376,129.17229104042053,PLC -> IO,0.5543600000000001
1775833405.2143064,129.19995975494385,PLC -> IO,19.00884
1775833405.46268,129.4483335018158,PLC -> IO,4.99492
1775833405.5773308,129.56298422813416,PLC -> IO,4.7330000000000005
1775833405.8148034,129.80045676231384,PLC -> IO,4.7671600000000005
1775833405.8997297,129.88538312911987,PLC -> IO,6.35116
1775833406.644035,130.62968850135803,PLC -> IO,4.9886
1775833406.6732285,130.6588819026947,PLC -> IO,7.92196
1775833406.8214667,130.80712008476257,PLC -> IO,1.43868
1775833406.884134,130.8697874546051,PLC -> IO,7.36972
1775833406.929237,130.91489028930664,PLC -> IO,2.46748
1775833406.9467566,130.93241000175476,PLC -> IO,9.99212
1775833406.9986653,130.98431873321533,PLC -> IO,0.68748
1775833407.041032,131.0266854763031,PLC -> IO,8.82404
1775833407.1495929,131.13524627685547,PLC -> IO,7.86476
1775833407.232179,131.21783232688904,PLC -> IO,3.1557999999999997
1775833407.253673,131.23932647705078,PLC -> IO,5.6806
1775833407.3020241,131.287677526474,PLC -> IO,2.86556
1775833407.477736,131.46338939666748,PLC -> IO,0.63196
1775833407.5298142,131.5154676437378,PLC -> IO,0.95708
1775833407.853919,131.83957242965698,PLC -> IO,6.13596
1775833407.9546945,131.94034790992737,PLC -> IO,9.40948
1775833408.0923448,132.07799816131592,PLC -> IO,4.08452
1775833408.3696375,132.35529088974,PLC -> IO,7.78228
1775833408.4551544,132.44080781936646,PLC -> IO,4.48404
1775833408.5248384,132.51049184799194,PLC -> IO,2.59092
1775833408.6740496,132.65970301628113,PLC -> IO,9.58492
1775833408.7933617,132.7790150642395,PLC -> IO,15.48836
1775833409.3068194,133.29247283935547,PLC -> IO,14.90484
1775833409.4832697,133.46892309188843,PLC -> IO,5.46852
1775833409.5268695,133.5125229358673,PLC -> IO,2.95268
1775833409.5695257,133.5551791191101,PLC -> IO,7.8978
1775833409.5913212,133.57697463035583,PLC -> IO,7.088760000000001
1775833409.6755366,133.66119003295898,PLC -> IO,9.67524
1775833409.85802,133.8436734676361,PLC -> IO,4.34972
1775833410.0703282,134.05598163604736,PLC -> IO,1.9538799999999998
1775833410.0884364,134.0740897655487,PLC -> IO,3.88404
1775833410.3087492,134.29440259933472,PLC -> IO,5.65308
1775833410.3770077,134.36266112327576,PLC -> IO,5.5994
1775833410.419595,134.4052484035492,PLC -> IO,11.89932
1775833410.5066934,134.49234676361084,PLC -> IO,3.66308
1775833410.5533772,134.5390305519104,PLC -> IO,11.8834
1775833410.616104,134.60175728797913,PLC -> IO,11.410359999999999
1775833410.6782277,134.6638810634613,PLC -> IO,8.77972
1775833410.7242398,134.70989322662354,PLC -> IO,4.467160000000001
1775833410.809871,134.7955243587494,PLC -> IO,9.55804
1775833410.924026,134.9096794128418,PLC -> IO,4.47436
1775833411.0502698,135.03592324256897,PLC -> IO,3.5874800000000002
1775833411.0984452,135.0840985774994,PLC -> IO,6.42196
1775833411.1681514,135.15380477905273,PLC -> IO,13.839799999999999
1775833411.6791346,135.6647880077362,PLC -> IO,38.4206
1775833411.7542646,135.73991799354553,PLC -> IO,4.4678
1775833411.847063,135.83271646499634,PLC -> IO,1.8491600000000001
1775833411.921665,135.90731835365295,PLC -> IO,12.702359999999999
1775833411.9887986,135.9744520187378,PLC -> IO,13.539000000000001
1775833412.1664958,136.15214920043945,PLC -> IO,18.60788
1775833412.2317116,136.217365026474,PLC -> IO,21.10444
1775833412.294336,136.2799894809723,PLC -> IO,19.53004
1775833412.5424113,136.5280647277832,PLC -> IO,1.41004
1775833412.5828538,136.56850719451904,PLC -> IO,7.0542
1775833412.751297,136.73695039749146,PLC -> IO,11.38156
1775833412.8520255,136.83767890930176,PLC -> IO,16.902440000000002
1775833413.0572295,137.04288291931152,PLC -> IO,5.71108
1775833413.2572339,137.24288725852966,PLC -> IO,9.923319999999999
1775833413.4170935,137.40274691581726,PLC -> IO,10.4874
1775833413.4581766,137.44383001327515,PLC -> IO,10.37212
1775833413.5662389,137.5518922805786,PLC -> IO,5.67156
1775833414.063233,138.0488862991333,PLC -> IO,19.57948
1775833414.3898835,138.37553691864014,PLC -> IO,10.54692
1775833414.521774,138.50742745399475,PLC -> IO,2.07108
1775833414.6119692,138.59762263298035,PLC -> IO,2.05492
1775833415.1320033,139.11765670776367,PLC -> IO,5.3734
1775833415.283663,139.26931643486023,PLC -> IO,22.16204
1775833415.528268,139.51392149925232,PLC -> IO,10.55804
1775833415.595801,139.58145451545715,PLC -> IO,2.1243600000000002
1775833415.6329992,139.61865258216858,PLC -> IO,8.608279999999999
1775833415.7009966,139.6866500377655,PLC -> IO,0.6418799999999999
1775833415.7788067,139.7644600868225,PLC -> IO,6.8750800000000005
1775833416.0728576,140.05851101875305,PLC -> IO,1.00964
1775833416.1982024,140.18385577201843,PLC -> IO,15.307080000000001
1775833416.3288772,140.3145306110382,PLC -> IO,0.50892
1775833416.370024,140.3556773662567,PLC -> IO,7.011159999999999
1775833416.4817455,140.46739888191223,PLC -> IO,11.438600000000001
1775833416.5011764,140.48682975769043,PLC -> IO,28.10492
1775833416.5336542,140.5193076133728,PLC -> IO,29.669
1775833416.6049109,140.59056425094604,PLC -> IO,26.953319999999998
1775833416.7066348,140.6922881603241,PLC -> IO,0.8569199999999999
1775833416.918416,140.90406942367554,PLC -> IO,3.70316
1775833417.0091236,140.99477696418762,PLC -> IO,6.99212
1775833417.0318294,141.01748275756836,PLC -> IO,0.43268
1775833417.0468197,141.0324730873108,PLC -> IO,8.87452
1775833417.0577366,141.04339003562927,PLC -> IO,7.690040000000001
1775833417.1153252,141.10097861289978,PLC -> IO,9.62116
1775833417.454486,141.44013929367065,PLC -> IO,1.18012
1775833417.6313608,141.617014169693,PLC -> IO,6.12908
1775833417.855807,141.8414604663849,PLC -> IO,2.11732
1775833418.0141218,141.9997751712799,PLC -> IO,18.01012
1775833418.1343806,142.1200339794159,PLC -> IO,3.08804
1775833418.2305522,142.21620559692383,PLC -> IO,6.49196
1775833418.259107,142.24476051330566,PLC -> IO,1.18252
1775833418.3270516,142.31270503997803,PLC -> IO,1.76636
1775833418.6119008,142.59755420684814,PLC -> IO,12.91812
1775833418.7335353,142.71918869018555,PLC -> IO,0.6294799999999999
1775833418.7610877,142.74674105644226,PLC -> IO,3.13692
1775833418.9304435,142.91609692573547,PLC -> IO,12.120759999999999
1775833419.147359,143.1330122947693,PLC -> IO,24.67644
1775833419.3703418,143.35599517822266,PLC -> IO,28.14092
1775833419.4781466,143.4637999534607,PLC -> IO,1.3674799999999998
1775833419.526626,143.51227951049805,PLC -> IO,1.9829999999999999
1775833419.6364539,143.62210726737976,PLC -> IO,0.3846
1775833419.7416422,143.72729563713074,PLC -> IO,12.00188
1775833419.8066845,143.7923378944397,PLC -> IO,13.013800000000002
1775833419.9566624,143.94231581687927,PLC -> IO,7.45028
1775833420.1078427,144.09349608421326,PLC -> IO,7.570600000000001
1775833420.1458476,144.13150095939636,PLC -> IO,9.66516
1775833420.370474,144.35612750053406,PLC -> IO,10.85412
1775833420.521696,144.50734949111938,PLC -> IO,0.54276
1775833420.5693572,144.55501055717468,PLC -> IO,0.32756
1775833420.774223,144.75987648963928,PLC -> IO,9.534839999999999
1775833420.9430332,144.92868661880493,PLC -> IO,34.559239999999996
1775833421.6192892,145.60494256019592,PLC -> IO,1.19844
1775833421.7176294,145.70328283309937,PLC -> IO,24.01884
1775833421.8318067,145.81746006011963,PLC -> IO,3.01844
1775833421.8978405,145.88349390029907,PLC -> IO,32.229
1775833422.0611782,146.0468316078186,PLC -> IO,3.99708
1775833422.1713872,146.1570405960083,PLC -> IO,3.5896399999999997
1775833422.3919368,146.37759017944336,PLC -> IO,3.0839600000000003
1775833422.43606,146.42171335220337,PLC -> IO,5.03228
1775833422.4861193,146.47177267074585,PLC -> IO,3.03124
1775833422.530801,146.5164544582367,PLC -> IO,10.430439999999999
1775833422.6163633,146.6020166873932,PLC -> IO,4.004759999999999
1775833422.6404696,146.62612295150757,PLC -> IO,2.85236
1775833422.6905334,146.67618680000305,PLC -> IO,4.55108
1775833422.745218,146.7308714389801,PLC -> IO,0.30348
1775833422.7565477,146.742201089859,PLC -> IO,5.5286
1775833423.0848138,147.07046723365784,PLC -> IO,4.38852
1775833423.5086555,147.49430894851685,PLC -> IO,7.01708
1775833423.5747643,147.56041765213013,PLC -> IO,3.4126
1775833423.6203792,147.60603260993958,PLC -> IO,4.50756
1775833423.6409774,147.62663078308105,PLC -> IO,7.35388
1775833423.6909068,147.67656016349792,PLC -> IO,2.0938
1775833423.718957,147.7046103477478,PLC -> IO,12.11572
1775833423.8763719,147.8620252609253,PLC -> IO,4.5826
1775833423.9258654,147.91151881217957,PLC -> IO,2.16604
1775833423.9434097,147.92906308174133,PLC -> IO,7.12876
1775833424.1203477,148.10600113868713,PLC -> IO,14.58348
1775833424.2417223,148.22737574577332,PLC -> IO,17.43036
1775833424.371744,148.35739731788635,PLC -> IO,0.64028
1775833424.4739888,148.45964217185974,PLC -> IO,20.5182
1775833424.6258125,148.61146593093872,PLC -> IO,14.2066
1775833424.6503155,148.63596892356873,PLC -> IO,3.70308
1775833425.2545097,149.24016308784485,PLC -> IO,10.02804
1775833425.3983753,149.384028673172,PLC -> IO,4.95068
1775833425.5000982,149.48575162887573,PLC -> IO,25.58052
1775833425.7506185,149.73627185821533,PLC -> IO,33.955079999999995
1775833425.9769564,149.96260976791382,PLC -> IO,1.19684
1775833426.217524,150.2031774520874,PLC -> IO,1.4031600000000002
1775833426.2270386,150.2126920223236,PLC -> IO,13.162439999999998
1775833426.4570982,150.44275164604187,PLC -> IO,10.45148
1775833426.5742266,150.55988001823425,PLC -> IO,2.01172
1775833426.5907962,150.57644963264465,PLC -> IO,5.51636
1775833426.9403615,150.92601490020752,PLC -> IO,20.55708
1775833427.3055868,151.2912402153015,PLC -> IO,1.6354
1775833427.3498042,151.33545756340027,PLC -> IO,3.3806000000000003
1775833427.4781284,151.46378183364868,PLC -> IO,7.8288400000000005
1775833427.5300384,151.51569175720215,PLC -> IO,0.08428
1775833427.6093102,151.59496355056763,PLC -> IO,4.5197199999999995
1775833427.6168327,151.60248613357544,PLC -> IO,11.40756
1775833427.6854637,151.67111706733704,PLC -> IO,2.90428
1775833427.8131127,151.79876613616943,PLC -> IO,10.148439999999999
1775833428.2038777,152.18953108787537,PLC -> IO,4.5154000000000005
1775833428.6202967,152.6059501171112,PLC -> IO,6.07892
1775833428.9675264,152.9531798362732,PLC -> IO,16.99476
1775833429.049749,153.03540229797363,PLC -> IO,1.01724
1775833429.144767,153.13042044639587,PLC -> IO,14.0354
1775833429.3872488,153.37290215492249,PLC -> IO,21.219872000000002
1775833429.5571432,153.5427966117859,PLC -> IO,23.98588
1775833429.7015002,153.68715357780457,PLC -> IO,11.017000000000001
1775833429.7205927,153.70624613761902,PLC -> IO,21.08124
1775833429.7631488,153.7488021850586,PLC -> IO,7.99604
1775833429.9538572,153.93951058387756,PLC -> IO,3.027
1775833430.0911417,154.07679510116577,PLC -> IO,8.006920000000001
1775833430.18585,154.17150330543518,PLC -> IO,16.11212
1775833430.290241,154.27589440345764,PLC -> IO,17.91172
1775833430.4718802,154.45753359794617,PLC -> IO,7.142919999999999
1775833430.5791028,154.56475615501404,PLC -> IO,6.55612
1775833430.6026633,154.58831667900085,PLC -> IO,11.66972
1775833430.6512864,154.63693976402283,PLC -> IO,11.5062
1775833430.7765827,154.76223611831665,PLC -> IO,4.4426
1775833430.9500535,154.93570685386658,PLC -> IO,3.79436
1775833431.0155566,155.00120997428894,PLC -> IO,3.94188
1775833431.1742792,155.1599326133728,PLC -> IO,3.0382000000000002
1775833431.1975205,155.1831738948822,PLC -> IO,0.39868
1775833431.2575889,155.24324226379395,PLC -> IO,7.875800000000001
1775833431.4944432,155.48009657859802,PLC -> IO,5.1245199999999995
1775833431.5064402,155.49209356307983,PLC -> IO,4.65348
1775833431.559662,155.5453155040741,PLC -> IO,2.5662
1775833431.5892255,155.57487893104553,PLC -> IO,2.9148400000000003
1775833431.6138146,155.5994679927826,PLC -> IO,0.43492
1775833431.6326845,155.61833786964417,PLC -> IO,7.04564
1775833432.1718814,156.15753483772278,PLC -> IO,35.60228
1775833432.324713,156.31036639213562,PLC -> IO,9.4678
1775833432.4729795,156.4586329460144,PLC -> IO,11.931880000000001
1775833432.5221367,156.50779008865356,PLC -> IO,1.35924
1775833432.5491333,156.5347867012024,PLC -> IO,4.5262
1775833432.5841777,156.5698311328888,PLC -> IO,4.57524
1775833432.83921,156.8248634338379,PLC -> IO,10.42932
1775833432.9735026,156.95915603637695,PLC -> IO,4.3665199999999995
1775833432.9875307,156.97318410873413,PLC -> IO,6.370360000000001
1775833433.1281638,157.11381721496582,PLC -> IO,3.245
1775833433.3056347,157.2912881374359,PLC -> IO,5.543
1775833433.4192398,157.40489315986633,PLC -> IO,20.692120000000003
1775833433.570751,157.5564043521881,PLC -> IO,1.90388
1775833433.6233487,157.60900211334229,PLC -> IO,0.449
1775833433.6819625,157.66761589050293,PLC -> IO,12.373560000000001
1775833433.8949046,157.88055801391602,PLC -> IO,0.38012
1775833433.958515,157.9441683292389,PLC -> IO,3.0181999999999998
1775833434.1683679,158.15402126312256,PLC -> IO,0.36892
1775833434.183424,158.16907739639282,PLC -> IO,10.3558
1775833434.3668647,158.35251808166504,PLC -> IO,16.92068
1775833434.7110348,158.69668817520142,PLC -> IO,27.36148
1775833434.8546276,158.84028100967407,PLC -> IO,4.5986
1775833434.9018881,158.88754153251648,PLC -> IO,0.33724
1775833435.0139172,158.99957060813904,PLC -> IO,10.672360000000001
1775833435.036555,159.02220845222473,PLC -> IO,1.10132
1775833435.0921004,159.07775378227234,PLC -> IO,7.67988
1775833435.5737238,159.55937719345093,PLC -> IO,4.43212
1775833435.5916886,159.57734203338623,PLC -> IO,3.03372
1775833435.6397865,159.62543988227844,PLC -> IO,4.55548
1775833435.7509177,159.7365710735321,PLC -> IO,22.0086
1775833435.9017966,159.8874499797821,PLC -> IO,3.93356
1775833435.9494734,159.93512678146362,PLC -> IO,12.966520000000001
1775833436.1963086,160.18196201324463,PLC -> IO,3.0822
1775833436.341683,160.32733631134033,PLC -> IO,4.53076
1775833436.4177082,160.40336155891418,PLC -> IO,8.057319999999999
1775833436.5064986,160.4921519756317,PLC -> IO,17.07364
1775833436.6006694,160.58632278442383,PLC -> IO,18.99252
1775833436.649709,160.6353623867035,PLC -> IO,4.586200000000001
1775833437.0837452,161.0693986415863,PLC -> IO,18.51716
1775833437.1918359,161.17748928070068,PLC -> IO,1.5791600000000001
1775833437.238866,161.22451949119568,PLC -> IO,32.171
1775833437.5605567,161.54621005058289,PLC -> IO,4.55076
1775833437.6231003,161.60875368118286,PLC -> IO,14.17604
1775833438.1296492,162.11530256271362,PLC -> IO,5.4761999999999995
1775833438.1847658,162.170419216156,PLC -> IO,3.07596
1775833438.232508,162.2181613445282,PLC -> IO,5.433000000000001
1775833438.4013786,162.38703203201294,PLC -> IO,8.874832
1775833438.4599047,162.44555807113647,PLC -> IO,1.95604
1775833438.9467294,162.93238282203674,PLC -> IO,9.69612
1775833438.9708345,162.95648789405823,PLC -> IO,1.0662
1775833439.2745507,163.26020407676697,PLC -> IO,3.46844
1775833439.3086174,163.29427075386047,PLC -> IO,3.04668
1775833439.3495853,163.33523869514465,PLC -> IO,4.54948
1775833439.4623024,163.4479558467865,PLC -> IO,6.47164
1775833439.5219965,163.50764989852905,PLC -> IO,3.13444
1775833439.9659333,163.95158672332764,PLC -> IO,18.415319999999998
1775833440.532883,164.5185363292694,PLC -> IO,10.7702
1775833440.595269,164.5809223651886,PLC -> IO,0.44836000000000004
1775833440.7450857,164.7307391166687,PLC -> IO,0.22636
1775833441.332149,165.31780242919922,PLC -> IO,5.92988
1775833441.381282,165.3669354915619,PLC -> IO,20.34108
1775833441.4839714,165.46962475776672,PLC -> IO,7.94188
1775833441.532546,165.51819944381714,PLC -> IO,7.05012
1775833441.8149877,165.8006410598755,PLC -> IO,3.1506
1775833441.9408362,165.9264895915985,PLC -> IO,1.96972
1775833442.0696187,166.05527210235596,PLC -> IO,1.9555599999999997
1775833442.204279,166.189932346344,PLC -> IO,1.6326800000000001
1775833442.385655,166.3713083267212,PLC -> IO,44.063552
1775833442.504367,166.49002051353455,PLC -> IO,4.56804
1775833442.5589135,166.54456686973572,PLC -> IO,0.5658
1775833442.60971,166.59536337852478,PLC -> IO,5.32196
1775833442.884732,166.8703854084015,PLC -> IO,6.85908
1775833442.9343596,166.92001295089722,PLC -> IO,5.56924
1775833442.9537554,166.9394087791443,PLC -> IO,8.05172
1775833443.0771627,167.0628161430359,PLC -> IO,2.51844
1775833443.1250458,167.11069917678833,PLC -> IO,2.18772
1775833443.1923633,167.17801666259766,PLC -> IO,11.92876
1775833443.6181147,167.60376811027527,PLC -> IO,14.00172
1775833443.6341724,167.61982583999634,PLC -> IO,25.49532
1775833443.7728338,167.75848722457886,PLC -> IO,4.067399999999999
1775833444.0910223,168.07667565345764,PLC -> IO,1.44588
1775833444.4593127,168.44496607780457,PLC -> IO,3.96676
1775833444.6862423,168.67189574241638,PLC -> IO,12.92628
1775833444.7845223,168.7701756954193,PLC -> IO,9.455639999999999
1775833444.898143,168.88379645347595,PLC -> IO,35.061879999999995
1775833445.185821,169.1714744567871,PLC -> IO,0.9097200000000001
1775833445.308079,169.29373240470886,PLC -> IO,5.57884
1775833445.3205316,169.30618500709534,PLC -> IO,6.95772
1775833445.3687136,169.35436701774597,PLC -> IO,0.40788
1775833445.416332,169.4019854068756,PLC -> IO,1.9668400000000001
1775833445.4432213,169.42887473106384,PLC -> IO,2.04916
1775833445.7213557,169.70700907707214,PLC -> IO,4.5298
1775833446.0375166,170.02316999435425,PLC -> IO,3.05476
1775833446.221815,170.20746850967407,PLC -> IO,20.48852
1775833446.3004723,170.28612565994263,PLC -> IO,4.65988
1775833446.4061325,170.39178586006165,PLC -> IO,5.54972
1775833446.4940093,170.47966265678406,PLC -> IO,11.34308
1775833446.6522276,170.63788104057312,PLC -> IO,3.33452
1775833446.8556027,170.8412561416626,PLC -> IO,0.51884
1775833446.898734,170.88438749313354,PLC -> IO,8.84868
1775833446.9221616,170.90781497955322,PLC -> IO,3.0282
1775833446.9452555,170.93090891838074,PLC -> IO,7.15004
1775833446.9732833,170.95893669128418,PLC -> IO,4.42212
1775833447.018349,171.00400233268738,PLC -> IO,8.585320000000001
1775833447.3160658,171.30171918869019,PLC -> IO,15.37804
1775833447.7474241,171.73307752609253,PLC -> IO,5.31548
1775833447.9873824,171.97303581237793,PLC -> IO,5.3386
1775833448.1546245,172.14027786254883,PLC -> IO,3.6238799999999998
1775833448.1721504,172.15780377388,PLC -> IO,10.441239999999999
1775833448.3931506,172.37880396842957,PLC -> IO,8.085560000000001
1775833448.4532247,172.4388780593872,PLC -> IO,2.03308
1775833448.501652,172.48730540275574,PLC -> IO,0.77284
1775833448.666639,172.6522924900055,PLC -> IO,1.5018799999999999
1775833449.3210595,173.30671286582947,PLC -> IO,6.81868
1775833449.4843173,173.469970703125,PLC -> IO,6.455080000000001
1775833449.556449,173.54210233688354,PLC -> IO,2.9667600000000003
1775833449.671542,173.65719532966614,PLC -> IO,0.7222799999999999
1775833449.6991093,173.68476271629333,PLC -> IO,7.27996
1775833449.7828057,173.76845908164978,PLC -> IO,5.56156
1775833450.3765512,174.36220455169678,PLC -> IO,5.62172
1775833450.550418,174.5360713005066,PLC -> IO,11.63076
1775833450.6320517,174.61770510673523,PLC -> IO,1.00716
1775833450.6757314,174.6613848209381,PLC -> IO,13.130519999999999
1775833450.901516,174.8871693611145,PLC -> IO,14.80508
1775833451.0498796,175.03553295135498,PLC -> IO,1.42468
1775833451.1571898,175.14284324645996,PLC -> IO,19.454439999999998
1775833451.2276525,175.2133059501648,PLC -> IO,13.24428
1775833451.6365886,175.62224197387695,PLC -> IO,7.981800000000001
1775833451.6615245,175.6471779346466,PLC -> IO,3.08588
1775833451.684177,175.66983032226562,PLC -> IO,10.688039999999999
1775833451.74668,175.73233342170715,PLC -> IO,10.726519999999999
1775833451.7708151,175.7564685344696,PLC -> IO,0.41124
1775833451.8329446,175.81859803199768,PLC -> IO,5.535799999999999
1775833452.023323,176.00897645950317,PLC -> IO,1.90844
1775833452.192571,176.17822432518005,PLC -> IO,10.62084
1775833452.253411,176.23906445503235,PLC -> IO,4.4062
1775833452.3129015,176.29855489730835,PLC -> IO,3.1202
1775833452.6691096,176.65476298332214,PLC -> IO,22.184679999999997
1775833452.877434,176.8630874156952,PLC -> IO,0.31004
1775833452.9852383,176.97089171409607,PLC -> IO,2.09588
1775833453.0268204,177.01247382164001,PLC -> IO,5.9141200000000005
1775833453.095467,177.08112049102783,PLC -> IO,6.62044
1775833453.1554906,177.1411440372467,PLC -> IO,3.23652
1775833453.2834198,177.26907324790955,PLC -> IO,0.40915999999999997
1775833453.9874356,177.97308897972107,PLC -> IO,2.80068
1775833454.078473,178.06412649154663,PLC -> IO,0.46236
1775833454.2175903,178.2032437324524,PLC -> IO,2.2222
1775833454.2950237,178.28067708015442,PLC -> IO,5.32652
1775833454.3586287,178.34428215026855,PLC -> IO,5.94388
1775833454.405559,178.3912124633789,PLC -> IO,3.4194
1775833454.5428324,178.5284857749939,PLC -> IO,8.03516
1775833454.5878289,178.57348227500916,PLC -> IO,5.80788
1775833454.8245144,178.81016778945923,PLC -> IO,4.29796
1775833455.062917,179.048570394516,PLC -> IO,4.08052
1775833455.1764994,179.1621527671814,PLC -> IO,48.31476
1775833455.3655057,179.35115909576416,PLC -> IO,4.09388
1775833455.4140925,179.3997459411621,PLC -> IO,1.9407599999999998
1775833455.9154751,179.90112853050232,PLC -> IO,1.75868
1775833456.0214782,180.0071315765381,PLC -> IO,14.727640000000001
1775833456.1495385,180.13519191741943,PLC -> IO,19.43868
1775833456.39352,180.37917351722717,PLC -> IO,0.49428000000000005
1775833456.494343,180.4799964427948,PLC -> IO,12.88084
1775833456.6101325,180.59578585624695,PLC -> IO,3.73116
1775833456.627994,180.6136474609375,PLC -> IO,9.08684
1775833456.766754,180.7524073123932,PLC -> IO,5.63908
1775833456.9415998,180.92725324630737,PLC -> IO,18.16884
1775833457.183591,181.1692442893982,PLC -> IO,6.929
1775833457.4748347,181.4604880809784,PLC -> IO,31.30316
1775833457.6831827,181.66883611679077,PLC -> IO,7.42452
1775833457.7751725,181.76082587242126,PLC -> IO,24.6778
1775833457.853967,181.83962035179138,PLC -> IO,3.0857200000000002
1775833458.0654492,182.05110263824463,PLC -> IO,35.589240000000004
1775833458.2065277,182.19218111038208,PLC -> IO,3.10908
1775833458.2458298,182.23148322105408,PLC -> IO,3.44004
1775833458.556918,182.54257130622864,PLC -> IO,3.9172399999999996
1775833458.6879807,182.6736340522766,PLC -> IO,5.2462
1775833458.7425914,182.72824478149414,PLC -> IO,2.31188
1775833459.0431886,183.02884197235107,PLC -> IO,15.13548
1775833459.1474097,183.13306307792664,PLC -> IO,5.60956
1775833459.2401993,183.22585272789001,PLC -> IO,24.659319999999997
1775833459.3844829,183.37013626098633,PLC -> IO,7.001
1775833459.5685406,183.55419397354126,PLC -> IO,20.81676
1775833459.6285806,183.6142339706421,PLC -> IO,7.791239999999999
1775833459.7046108,183.6902642250061,PLC -> IO,5.4346000000000005
1775833459.8820622,183.8677155971527,PLC -> IO,5.88308
1775833459.9491894,183.9348428249359,PLC -> IO,6.4282
1775833459.9901655,183.97581887245178,PLC -> IO,3.1696400000000002
1775833460.0674567,184.05311012268066,PLC -> IO,28.82116
1775833460.2959006,184.28155398368835,PLC -> IO,60.105
1775833460.44818,184.433833360672,PLC -> IO,22.605719999999998
1775833460.4741273,184.4597806930542,PLC -> IO,16.67268
1775833460.7767553,184.76240873336792,PLC -> IO,2.48452
1775833461.0327606,185.01841402053833,PLC -> IO,5.5085999999999995
1775833461.1336198,185.11927318572998,PLC -> IO,6.84108
1775833461.209114,185.19476747512817,PLC -> IO,6.62956
1775833461.2165098,185.2021632194519,PLC -> IO,3.12204
1775833461.2652,185.2508533000946,PLC -> IO,10.54908
1775833461.3037145,185.28936791419983,PLC -> IO,3.70908
1775833461.3329144,185.31856775283813,PLC -> IO,1.4487599999999998
1775833461.738334,185.72398734092712,PLC -> IO,9.72964
1775833461.8804572,185.8661105632782,PLC -> IO,2.1949199999999998
1775833462.1938162,186.1794695854187,PLC -> IO,3.74436
1775833462.2121124,186.19776582717896,PLC -> IO,5.98244
1775833462.2607815,186.2464349269867,PLC -> IO,3.12916
1775833462.3077981,186.29345154762268,PLC -> IO,0.50436
1775833462.3232071,186.30886054039001,PLC -> IO,2.7474000000000003
1775833462.370299,186.355952501297,PLC -> IO,12.173399999999999
1775833462.5888567,186.57451009750366,PLC -> IO,3.5045200000000003
1775833462.8302233,186.81587672233582,PLC -> IO,30.79764
1775833462.8944316,186.88008499145508,PLC -> IO,20.57468
1775833462.9992497,186.9849030971527,PLC -> IO,0.5181199999999999
1775833463.0483928,187.0340461730957,PLC -> IO,5.76748
1775833463.244463,187.2301163673401,PLC -> IO,10.68588
1775833463.3418965,187.3275499343872,PLC -> IO,0.01884
1775833463.5427513,187.528404712677,PLC -> IO,5.69012
1775833463.570886,187.55653929710388,PLC -> IO,6.64124
1775833463.6053498,187.59100317955017,PLC -> IO,16.68548
1775833463.8177981,187.80345153808594,PLC -> IO,5.635560000000001
1775833463.837832,187.82348537445068,PLC -> IO,10.68668
1775833463.883556,187.86920928955078,PLC -> IO,9.27684
1775833464.0225909,188.00824427604675,PLC -> IO,8.137
1775833464.0392385,188.02489185333252,PLC -> IO,29.07116
1775833464.44856,188.43421339988708,PLC -> IO,10.395959999999999
1775833464.86889,188.8545434474945,PLC -> IO,12.1134
1775833465.1019197,189.08757305145264,PLC -> IO,8.963479999999999
1775833465.137001,189.1226544380188,PLC -> IO,9.95404
1775833465.3353164,189.32096982002258,PLC -> IO,19.165560000000003
1775833465.5774033,189.5630567073822,PLC -> IO,4.4838
1775833465.6746235,189.66027688980103,PLC -> IO,3.3401199999999998
1775833465.7751925,189.7608458995819,PLC -> IO,11.53932
1775833465.816829,189.8024823665619,PLC -> IO,5.5622
1775833465.844418,189.83007144927979,PLC -> IO,2.4307600000000003
1775833465.8819141,189.8675675392151,PLC -> IO,1.87652
1775833465.92654,189.91219329833984,PLC -> IO,9.09964
1775833465.9490652,189.9347186088562,PLC -> IO,8.00028
1775833466.1874068,190.1730601787567,PLC -> IO,3.7531600000000003
1775833466.6288898,190.61454319953918,PLC -> IO,13.53908
1775833466.835818,190.821471452713,PLC -> IO,5.37932
1775833466.938882,190.9245355129242,PLC -> IO,4.8474
1775833467.0918863,191.0775396823883,PLC -> IO,13.16476
1775833467.1253858,191.11103916168213,PLC -> IO,3.13148
1775833467.2350938,191.22074723243713,PLC -> IO,9.04612
1775833467.3484237,191.33407711982727,PLC -> IO,0.9836400000000001
1775833467.36607,191.3517234325409,PLC -> IO,12.81036
1775833467.4135826,191.3992359638214,PLC -> IO,26.305
1775833467.4521463,191.43779969215393,PLC -> IO,7.7794
1775833467.6289012,191.61455464363098,PLC -> IO,12.13676
1775833467.7447457,191.7303991317749,PLC -> IO,26.29092
1775833468.348444,192.3340973854065,PLC -> IO,1.8666
1775833468.5902905,192.57594394683838,PLC -> IO,1.64076
1775833468.8152335,192.80088686943054,PLC -> IO,4.62436
1775833468.8703177,192.85597109794617,PLC -> IO,5.6512400000000005
1775833468.9889672,192.97462058067322,PLC -> IO,1.77508
1775833469.1754768,193.16113018989563,PLC -> IO,11.89156
1775833469.2541063,193.239759683609,PLC -> IO,4.13572
1775833469.3738468,193.35950016975403,PLC -> IO,5.65044
1775833469.5432682,193.5289216041565,PLC -> IO,11.58068
1775833469.610844,193.596497297287,PLC -> IO,5.4942
1775833469.7681606,193.7538139820099,PLC -> IO,5.86756
1775833470.0089962,193.99464964866638,PLC -> IO,7.6582799999999995
1775833470.0375519,194.02320528030396,PLC -> IO,21.68468
1775833470.5385482,194.52420163154602,PLC -> IO,44.88164
1775833470.6614482,194.6471016407013,PLC -> IO,10.626520000000001
1775833470.7898886,194.77554202079773,PLC -> IO,12.68188
1775833470.9479413,194.93359470367432,PLC -> IO,5.69316
1775833470.996456,194.9821093082428,PLC -> IO,8.2682
1775833471.07261,195.05826330184937,PLC -> IO,13.36556
1775833471.2706747,195.2563281059265,PLC -> IO,0.91708
1775833471.3001769,195.28583025932312,PLC -> IO,1.22988
1775833471.4961877,195.4818410873413,PLC -> IO,0.26228
1775833471.9142847,195.89993810653687,PLC -> IO,2.6798
1775833471.930456,195.9161093235016,PLC -> IO,4.96684
1775833472.0201054,196.00575876235962,PLC -> IO,0.65188
1775833472.1989894,196.18464279174805,PLC -> IO,13.135000000000002
1775833472.3150733,196.30072665214539,PLC -> IO,12.351799999999999
1775833472.4498413,196.43549466133118,PLC -> IO,1.15132
1775833472.515092,196.50074529647827,PLC -> IO,5.5418
1775833472.713639,196.69929242134094,PLC -> IO,0.34571999999999997
1775833472.7661312,196.75178456306458,PLC -> IO,6.35836
1775833473.0247595,197.01041293144226,PLC -> IO,2.8232399999999997
1775833473.0373702,197.02302360534668,PLC -> IO,1.14556
1775833473.195451,197.1811044216156,PLC -> IO,1.72324
1775833473.2223773,197.2080307006836,PLC -> IO,2.2793200000000002
1775833473.3035429,197.28919625282288,PLC -> IO,2.1586000000000003
1775833473.369316,197.35496950149536,PLC -> IO,1.6299599999999999
1775833473.6710448,197.6566982269287,PLC -> IO,11.840679999999999
1775833473.6878884,197.6735417842865,PLC -> IO,6.70388
1775833473.6998332,197.6854865550995,PLC -> IO,5.66484
1775833473.7515476,197.7372009754181,PLC -> IO,5.70196
1775833473.803192,197.78884530067444,PLC -> IO,2.52284
1775833473.819182,197.80483531951904,PLC -> IO,0.6597200000000001
1775833474.0899596,198.0756130218506,PLC -> IO,39.30812
1775833474.2822993,198.26795268058777,PLC -> IO,0.18988
1775833474.3938015,198.3794548511505,PLC -> IO,10.718352000000001
1775833474.865003,198.8506565093994,PLC -> IO,10.15756
1775833475.1451974,199.13085079193115,PLC -> IO,5.78636
1775833475.221219,199.20687246322632,PLC -> IO,14.25324
1775833475.3422525,199.3279058933258,PLC -> IO,9.45084
1775833475.3592932,199.3449466228485,PLC -> IO,13.38356
1775833475.4781282,199.4637815952301,PLC -> IO,28.41148
1775833475.5258431,199.51149654388428,PLC -> IO,0.81372
1775833475.6593597,199.64501309394836,PLC -> IO,32.61556
1775833475.7064867,199.69214010238647,PLC -> IO,36.691559999999996
1775833475.9605055,199.9461588859558,PLC -> IO,0.47659999999999997
1775833476.4896586,200.4753119945526,PLC -> IO,14.33572
1775833476.509698,200.49535131454468,PLC -> IO,8.42908
1775833476.5851839,200.5708372592926,PLC -> IO,0.6402
1775833476.6350262,200.6206796169281,PLC -> IO,1.75092
1775833476.66188,200.64753341674805,PLC -> IO,8.36012
1775833476.8577235,200.8433768749237,PLC -> IO,1.6426800000000001
1775833476.8651195,200.85077285766602,PLC -> IO,14.77228
1775833477.573199,201.55885243415833,PLC -> IO,21.07668
1775833477.7069654,201.6926188468933,PLC -> IO,6.96036
1775833477.8611066,201.84676003456116,PLC -> IO,7.23604
1775833478.0247147,202.0103681087494,PLC -> IO,37.78284
1775833478.1316366,202.117290019989,PLC -> IO,15.20732
1775833478.3400562,202.32570958137512,PLC -> IO,13.39196
1775833478.4253259,202.41097927093506,PLC -> IO,18.18892
1775833478.5014925,202.48714590072632,PLC -> IO,9.758360000000001
1775833478.6688523,202.6545057296753,PLC -> IO,5.6566
1775833478.7395442,202.72519755363464,PLC -> IO,4.18276
1775833478.8718739,202.85752725601196,PLC -> IO,4.26716
1775833478.9729557,202.9586091041565,PLC -> IO,2.529
1775833479.0440726,203.02972602844238,PLC -> IO,8.16396
1775833479.1035697,203.0892231464386,PLC -> IO,3.7730799999999998
1775833479.1727073,203.1583607196808,PLC -> IO,9.89308
1775833479.2371552,203.22280859947205,PLC -> IO,12.05476
1775833479.2996323,203.28528571128845,PLC -> IO,18.56644
1775833479.4285884,203.41424179077148,PLC -> IO,7.75684
1775833479.4995322,203.48518562316895,PLC -> IO,17.62988
1775833479.846857,203.832510471344,PLC -> IO,17.409399999999998
1775833480.2414505,204.22710394859314,PLC -> IO,8.166680000000001
1775833480.3268254,204.31247878074646,PLC -> IO,1.68412
1775833480.3435395,204.3291928768158,PLC -> IO,3.2993200000000003
1775833480.3710942,204.3567476272583,PLC -> IO,3.3238
1775833480.4572825,204.44293594360352,PLC -> IO,1.29532
1775833480.5014675,204.4871208667755,PLC -> IO,4.1871599999999995
1775833480.650276,204.6359293460846,PLC -> IO,3.17388
1775833480.6778207,204.66347408294678,PLC -> IO,6.71668
1775833480.6979394,204.68359279632568,PLC -> IO,4.99188
1775833481.0933228,205.0789761543274,PLC -> IO,19.23988
1775833481.1700583,205.1557116508484,PLC -> IO,12.642759999999999
1775833481.2845855,205.27023887634277,PLC -> IO,10.46268
1775833481.308144,205.29379749298096,PLC -> IO,1.00836
1775833481.3927422,205.37839555740356,PLC -> IO,16.710272000000003
1775833481.4252882,205.41094160079956,PLC -> IO,1.58724
1775833481.4847107,205.47036409378052,PLC -> IO,4.1014
1775833481.5397534,205.52540683746338,PLC -> IO,6.7689200000000005
1775833481.58889,205.57454347610474,PLC -> IO,2.12956
1775833481.6336043,205.61925768852234,PLC -> IO,3.3014
1775833481.6510148,205.63666820526123,PLC -> IO,5.806279999999999
1775833481.786401,205.77205443382263,PLC -> IO,9.32044
1775833481.9637632,205.94941663742065,PLC -> IO,1.68468
1775833482.031391,206.0170443058014,PLC -> IO,11.83148
1775833482.1040592,206.0897126197815,PLC -> IO,12.804039999999999
1775833482.2815723,206.2672257423401,PLC -> IO,3.44956
1775833482.437899,206.42355251312256,PLC -> IO,5.58964
1775833482.4495587,206.43521213531494,PLC -> IO,1.7946
1775833482.7548358,206.74048924446106,PLC -> IO,4.88788
1775833482.8691761,206.85482954978943,PLC -> IO,1.72188
1775833482.921168,206.9068214893341,PLC -> IO,2.34276
1775833482.9687588,206.95441222190857,PLC -> IO,9.20524
1775833483.0139654,206.99961876869202,PLC -> IO,12.29684
1775833483.03398,207.01963329315186,PLC -> IO,9.11644
1775833483.3466008,207.33225417137146,PLC -> IO,24.1466
1775833483.4678679,207.45352125167847,PLC -> IO,13.0926
1775833483.6886997,207.67435312271118,PLC -> IO,3.3516399999999997
1775833483.7302675,207.71592092514038,PLC -> IO,10.94276
1775833483.8156705,207.80132389068604,PLC -> IO,4.40412
1775833483.944475,207.93012833595276,PLC -> IO,5.85908
1775833484.1686375,208.15429091453552,PLC -> IO,7.300680000000001
1775833484.3015792,208.2872326374054,PLC -> IO,0.020999999999999998
1775833484.8234487,208.80910205841064,PLC -> IO,0.68908
1775833484.8533103,208.83896374702454,PLC -> IO,0.71748
1775833484.8858364,208.8714897632599,PLC -> IO,6.87676
1775833484.9352915,208.92094492912292,PLC -> IO,3.26772
1775833484.966154,208.95180749893188,PLC -> IO,2.69884
1775833484.982892,208.96854543685913,PLC -> IO,2.65828
1775833485.031474,209.0171275138855,PLC -> IO,15.705480000000001
1775833485.0806317,209.06628513336182,PLC -> IO,6.6444399999999995
1775833485.0941277,209.07978105545044,PLC -> IO,6.67788
1775833485.1267807,209.11243414878845,PLC -> IO,2.41508
1775833485.1952834,209.1809368133545,PLC -> IO,4.0974
1775833485.2623188,209.24797224998474,PLC -> IO,7.34044
1775833485.3341014,209.31975483894348,PLC -> IO,6.64788
1775833485.5387552,209.52440857887268,PLC -> IO,11.7934
1775833485.6067219,209.5923752784729,PLC -> IO,3.37804
1775833485.7254353,209.71108865737915,PLC -> IO,27.555960000000002
1775833485.8741508,209.85980415344238,PLC -> IO,29.333000000000002
1775833486.564801,210.55045437812805,PLC -> IO,7.73628
1775833486.7247288,210.71038222312927,PLC -> IO,3.87596
1775833486.9353445,210.92099785804749,PLC -> IO,23.933
1775833487.115094,211.10074734687805,PLC -> IO,6.71044
1775833487.2871678,211.27282118797302,PLC -> IO,1.6826
1775833487.3509645,211.33661794662476,PLC -> IO,13.23132
1775833487.4837701,211.46942353248596,PLC -> IO,0.791
1775833487.5489793,211.5346326828003,PLC -> IO,8.21996
1775833487.7052991,211.69095253944397,PLC -> IO,4.201
1775833487.8807206,211.8663740158081,PLC -> IO,6.81996
1775833487.959381,211.94503450393677,PLC -> IO,5.81364
1775833488.3514562,212.33710956573486,PLC -> IO,16.85564
1775833488.441237,212.42689037322998,PLC -> IO,26.656599999999997
1775833488.5999544,212.5856077671051,PLC -> IO,5.83092
1775833488.6209962,212.6066496372223,PLC -> IO,6.28788
1775833488.7263038,212.71195721626282,PLC -> IO,5.7822000000000005
1775833489.0574868,213.04314017295837,PLC -> IO,3.089
1775833489.1727095,213.158362865448,PLC -> IO,3.21028
1775833489.22262,213.20827341079712,PLC -> IO,11.21148
1775833489.2744954,213.26014876365662,PLC -> IO,11.91236
1775833489.5914998,213.57715320587158,PLC -> IO,9.26684
1775833490.1015575,214.08721089363098,PLC -> IO,1.7094799999999999
1775833490.165923,214.15157651901245,PLC -> IO,3.3144400000000003
1775833490.211281,214.19693446159363,PLC -> IO,8.242920000000002
1775833490.3604503,214.3461036682129,PLC -> IO,6.2242
1775833490.4778988,214.463552236557,PLC -> IO,8.30836
1775833490.644926,214.63057947158813,PLC -> IO,5.0975600000000005
1775833490.6643982,214.65005159378052,PLC -> IO,6.79692
1775833490.7605731,214.74622654914856,PLC -> IO,19.79292
1775833490.8498335,214.8354868888855,PLC -> IO,17.74588
1775833491.0402994,215.02595281600952,PLC -> IO,37.881159999999994
1775833491.1334941,215.1191475391388,PLC -> IO,3.21396
1775833491.241215,215.226868391037,PLC -> IO,0.8257199999999999
1775833491.2622476,215.2479009628296,PLC -> IO,5.82316
1775833491.4359381,215.42159152030945,PLC -> IO,1.77228
